-- phpMyAdmin SQL Dump
-- version 4.8.0.1
-- https://www.phpmyadmin.net/
--
-- Host: 127.0.0.1
-- Generation Time: Jun 08, 2018 at 01:43 PM
-- Server version: 10.1.32-MariaDB
-- PHP Version: 7.2.5

SET SQL_MODE = "NO_AUTO_VALUE_ON_ZERO";
SET AUTOCOMMIT = 0;
START TRANSACTION;
SET time_zone = "+00:00";


/*!40101 SET @OLD_CHARACTER_SET_CLIENT=@@CHARACTER_SET_CLIENT */;
/*!40101 SET @OLD_CHARACTER_SET_RESULTS=@@CHARACTER_SET_RESULTS */;
/*!40101 SET @OLD_COLLATION_CONNECTION=@@COLLATION_CONNECTION */;
/*!40101 SET NAMES utf8mb4 */;

--
-- Database: `todo`
--

-- --------------------------------------------------------

--
-- Table structure for table `migrations`
--

CREATE TABLE `migrations` (
  `id` int(10) UNSIGNED NOT NULL,
  `migration` varchar(191) COLLATE utf8mb4_unicode_ci NOT NULL,
  `batch` int(11) NOT NULL
) ENGINE=InnoDB DEFAULT CHARSET=utf8mb4 COLLATE=utf8mb4_unicode_ci;

--
-- Dumping data for table `migrations`
--

INSERT INTO `migrations` (`id`, `migration`, `batch`) VALUES
(1, '2014_10_12_000000_create_users_table', 1),
(2, '2014_10_12_100000_create_password_resets_table', 1),
(3, '2017_09_02_052402_create_todos_table', 1),
(4, '2016_06_01_000001_create_oauth_auth_codes_table', 2),
(5, '2016_06_01_000002_create_oauth_access_tokens_table', 2),
(6, '2016_06_01_000003_create_oauth_refresh_tokens_table', 2),
(7, '2016_06_01_000004_create_oauth_clients_table', 2),
(8, '2016_06_01_000005_create_oauth_personal_access_clients_table', 2);

-- --------------------------------------------------------

--
-- Table structure for table `oauth_access_tokens`
--

CREATE TABLE `oauth_access_tokens` (
  `id` varchar(100) COLLATE utf8mb4_unicode_ci NOT NULL,
  `user_id` int(11) DEFAULT NULL,
  `client_id` int(11) NOT NULL,
  `name` varchar(191) COLLATE utf8mb4_unicode_ci DEFAULT NULL,
  `scopes` text COLLATE utf8mb4_unicode_ci,
  `revoked` tinyint(1) NOT NULL,
  `created_at` timestamp NULL DEFAULT NULL,
  `updated_at` timestamp NULL DEFAULT NULL,
  `expires_at` datetime DEFAULT NULL
) ENGINE=InnoDB DEFAULT CHARSET=utf8mb4 COLLATE=utf8mb4_unicode_ci;

--
-- Dumping data for table `oauth_access_tokens`
--

INSERT INTO `oauth_access_tokens` (`id`, `user_id`, `client_id`, `name`, `scopes`, `revoked`, `created_at`, `updated_at`, `expires_at`) VALUES
('000afb8f7dc08972a633b77713e92b65dbd0c8f3a774ef41c6c3677f0689fecbeca1c51806bac493', 1, 5, NULL, '[]', 0, '2018-06-06 02:39:11', '2018-06-06 02:39:11', '2019-06-06 08:09:11'),
('001c229cd1351e44184815c1e1107081d21248c7bb1cd6c874a64aa986eef1ca35cf2bf91ab43117', 1, 5, NULL, '[]', 0, '2018-06-06 01:48:24', '2018-06-06 01:48:24', '2019-06-06 07:18:24'),
('010fab33d6402c38644ba2c5109833771ef0099dc8c781b79158e11ebdcf66d9d809fd937113cbe5', 1, 5, NULL, '[]', 0, '2018-06-06 02:33:10', '2018-06-06 02:33:10', '2019-06-06 08:03:10'),
('013fe00eea7e99100d0d5dea1add3b3140bc7b5537ee665f1f834a6bbc91402b7c02cd327fe8ce99', 1, 5, NULL, '[]', 0, '2018-06-05 06:15:14', '2018-06-05 06:15:14', '2019-06-05 11:45:14'),
('018003fb106bcc3b51f9b502b1af88d78488d125ea2a8e44a850bba8a80e04ca0b010a64abc7a132', 1, 6, NULL, '[]', 1, '2018-06-05 00:44:48', '2018-06-05 00:44:48', '2019-06-05 06:14:48'),
('01c531bc372b60365509047faeed3f56c0c524274f41c7c17be0692dfb09e7ab2aa899a3c2ae55e7', 1, 5, NULL, '[]', 0, '2018-06-07 07:31:27', '2018-06-07 07:31:27', '2019-06-07 13:01:27'),
('01dad888d9ccd088813ec5c68ec7b27ed8a1b35b6e0910b831109e89a2f918a09e3fd51c83d7021f', 1, 5, NULL, '[]', 0, '2018-06-06 02:59:47', '2018-06-06 02:59:47', '2019-06-06 08:29:47'),
('02a6b42869f7524032a7d14ef8e37a1cf5a2e6f340f48b591f66793b7f9b6ceaa10789886ac4a38e', 1, 5, NULL, '[]', 0, '2018-06-06 03:54:16', '2018-06-06 03:54:16', '2019-06-06 09:24:16'),
('03509f0c45fc24d34e4066c1abfff47347ca3ec430ae51e191805ab0e7326dbd845ebe123f421358', 1, 6, NULL, '[]', 1, '2018-06-05 00:43:52', '2018-06-05 00:43:52', '2019-06-05 06:13:52'),
('0387917b83c9c340c1ab1d01eabd592101f8e0f0383b688cb265256e07f01c6218643dbd0d7c2ea2', 1, 5, NULL, '[]', 0, '2018-06-06 08:01:51', '2018-06-06 08:01:51', '2019-06-06 13:31:51'),
('03c74b6f8ae94ca1a8c2e4c803e323ef38814566a443ad65a2a28ad1f5450ad49d05fccd2ba2afa2', 1, 5, NULL, '[]', 0, '2018-06-07 07:40:33', '2018-06-07 07:40:33', '2019-06-07 13:10:33'),
('0406a486b51ea78a9953abfa3dd22070a5a04b0a5afa0bc25b7ffb3e5e9377ecf3eb5c6bfc9b6437', 1, 3, NULL, '[]', 1, '2018-05-25 06:28:30', '2018-05-25 06:28:30', '2019-05-25 11:58:30'),
('0438e7a28846410e2dbc9973f2c4bbf9e8852636be2e7970a5b3c30113e242452a509ddafff68755', 1, 3, NULL, '[]', 1, '2018-06-06 00:58:51', '2018-06-06 00:58:51', '2019-06-06 06:28:51'),
('0485bf05fa5eaabbd04821413dd435d62479e06a5ff9f6b05ada06073bf66afdb1a411ac60d7b970', 1, 5, NULL, '[]', 0, '2018-06-08 04:19:00', '2018-06-08 04:19:00', '2019-06-08 09:49:00'),
('04ec3ae1e069f9c1d1911db8b668144b143c4e8fec44fb0b1731238798540eade16255d6ea911f7a', 1, 5, NULL, '[]', 0, '2018-06-06 02:57:49', '2018-06-06 02:57:49', '2019-06-06 08:27:49'),
('050c72f4d4dcf1eb904e719161aeb87d463527e3044e3f29a28eb6ccc1e8d28c0643236cd14e0f00', 1, 5, NULL, '[]', 0, '2018-06-08 02:04:07', '2018-06-08 02:04:07', '2019-06-08 07:34:07'),
('057ceaa79eb2568dde11d31ea7732b51655c54595112829ae815afb39b1ac2cb35a1fb7fac23db2c', 1, 5, NULL, '[]', 0, '2018-06-07 08:18:47', '2018-06-07 08:18:47', '2019-06-07 13:48:47'),
('05873e6c447e38f75d9bf109e98e789904f886c7e01bbb15ac8d81433f0e57a78a044358b285af6e', 1, 5, NULL, '[]', 0, '2018-06-06 05:09:55', '2018-06-06 05:09:55', '2019-06-06 10:39:55'),
('05e093e4c281985f078c976b3d8ac89fdf8dbbd0b843de3e57b9e6e09586445fe2f26221c3460bd7', 1, 5, NULL, '[]', 0, '2018-06-08 04:55:27', '2018-06-08 04:55:27', '2019-06-08 10:25:27'),
('0623b418e6f7ac2bb5e5ecb4be02153aea41cdfbceeafbcdfb6fac883a7ea6d9266141d27e0adbce', 1, 5, NULL, '[]', 0, '2018-06-06 06:27:40', '2018-06-06 06:27:40', '2019-06-06 11:57:40'),
('068a0d609e6d29262b33e5371022651f4d9cccb0a57c83695d17fda8e26040eeae3836adfae1a011', 1, 5, NULL, '[]', 0, '2018-06-06 06:10:30', '2018-06-06 06:10:30', '2019-06-06 11:40:30'),
('087f96c4f4e50539e256a00460cf46eee92d45812d77a3c84f4cc47f300f71ba4c442deb34373d62', NULL, 3, NULL, '[]', 0, '2018-06-06 05:53:03', '2018-06-06 05:53:03', '2019-06-06 11:23:03'),
('08dff25343e2f01e7b88d1f93d2258004db785a2f854fd8ad10a3ad418d9c26e289488c31f09f319', 1, 5, NULL, '[]', 0, '2018-06-07 01:32:49', '2018-06-07 01:32:49', '2019-06-07 07:02:49'),
('08e8b01309ce0e912a21e74293e1fa9d3a65bcc2e40a5f53be4727ed67a47ad5299dc88dcfa360fd', 1, 5, NULL, '[]', 0, '2018-06-08 04:36:55', '2018-06-08 04:36:55', '2019-06-08 10:06:55'),
('09f717e0bdf182d8ef4d45162b5087fb07e760013e7dd8c9426f13577977b08b8b6c5c1d09078571', 1, 5, NULL, '[]', 0, '2018-06-06 03:58:35', '2018-06-06 03:58:35', '2019-06-06 09:28:35'),
('0a33ff909e1e5a911d1854bd6c48673b40bcf42ad0ba637408e99cf498641c8a264784f078908820', 1, 5, NULL, '[]', 0, '2018-06-06 06:27:06', '2018-06-06 06:27:06', '2019-06-06 11:57:06'),
('0a8100a820101882d24bf14f07c7a08e009d2f5a8408627b3fa80efc381057e1c6d059b8add0b426', 1, 5, NULL, '[]', 0, '2018-06-06 03:29:03', '2018-06-06 03:29:03', '2019-06-06 08:59:03'),
('0cc4eda0bd1d00558e13d5089979eb27218a97a5ea28636da06b2d546d8fd20e7430ccd8a5121ea2', 1, 5, NULL, '[]', 0, '2018-06-06 06:10:55', '2018-06-06 06:10:55', '2019-06-06 11:40:55'),
('0d09ec53040687747e8a51110a7d185bd46b06c9890fee1ffddb4caec1b5a405f9c03ce6d81074d0', 1, 3, NULL, '[]', 1, '2018-05-28 05:17:11', '2018-05-28 05:17:11', '2019-05-28 10:47:11'),
('0d42e81528c1351db6cceba0f7a3c747d12369e9edf8366a037f7c574789791e4b0cfda59bc80787', 1, 5, NULL, '[]', 0, '2018-06-07 01:05:06', '2018-06-07 01:05:06', '2019-06-07 06:35:06'),
('0dd95e5a98edddceb7ed0b2bacea96e094b5338ef3fcff24956abe23c096951d80ce5d30978661ff', NULL, 3, NULL, '[]', 0, '2018-06-04 01:13:40', '2018-06-04 01:13:40', '2019-06-04 06:43:40'),
('0de6c8f3abd7d693b70164b7b3b99ca7782afdd2ee99f11326d2eea9bf2ee3a8d26b65039945d4d9', 1, 5, NULL, '[]', 0, '2018-06-07 01:08:26', '2018-06-07 01:08:26', '2019-06-07 06:38:26'),
('0e108d3c295fd47ac4d683ffb2482af4ae779b65a07523435fc32e8a67a5b9f62167e4547cffc1bc', 1, 5, NULL, '[]', 0, '2018-06-06 02:07:03', '2018-06-06 02:07:03', '2019-06-06 07:37:03'),
('0f068ba7215dce9a71c355358941506e309bbdcc818727248e86f2ccec1fe03ec333986c7f34a8b2', 1, 5, NULL, '[]', 0, '2018-06-07 01:02:29', '2018-06-07 01:02:29', '2019-06-07 06:32:29'),
('0f4ddcda37ad470b0586e3ed21a12a030f2f69d067a0a40158bdf9a7f296de24410dd8b639281c17', 1, 5, NULL, '[]', 0, '2018-06-06 04:27:42', '2018-06-06 04:27:42', '2019-06-06 09:57:42'),
('0f5087183477d8328f9e08cea762198e2fe70fe5a50462e3287773473e80243f430c656b7578947b', 1, 5, NULL, '[]', 0, '2018-06-08 00:08:18', '2018-06-08 00:08:18', '2019-06-08 05:38:18'),
('0f9c1823753f254ae1fb96ee0561a8d078e74b3148b9791d5560554fd7903f8e5b50b5d9e2372bb8', 1, 5, NULL, '[]', 0, '2018-06-05 00:01:32', '2018-06-05 00:01:32', '2019-06-05 05:31:32'),
('0fb70c68f04437a6e7299b664b55e0b785ba4b49e3b6cf83f305c3cbd4194517cf958f10aa10a1de', 1, 5, NULL, '[]', 0, '2018-06-06 04:59:19', '2018-06-06 04:59:19', '2019-06-06 10:29:19'),
('102d8ae816a6dc9cb3e24d64442a357e2b4edf1edd7b035a5594446efc778066c2aa857bbe198f20', 1, 5, NULL, '[]', 0, '2018-06-06 02:08:24', '2018-06-06 02:08:24', '2019-06-06 07:38:24'),
('109d28128c409bb85c6eef363a4ec20b1186bb344527b876ae347e42eff441515502d3dba310b31a', 1, 5, NULL, '[]', 0, '2018-06-07 07:33:23', '2018-06-07 07:33:23', '2019-06-07 13:03:23'),
('10cd02c4ccb0b9781b0f5d08d971cab8825c41dfa6dec6efb31b2409a66a6971e393da5ca852cdf2', 1, 5, NULL, '[]', 0, '2018-06-07 00:51:32', '2018-06-07 00:51:32', '2019-06-07 06:21:32'),
('10cd7cd8afe0897f0df625a7cd9e715dee451464e34678eec158871ca04b7c899d966fcf42832424', 1, 5, NULL, '[]', 0, '2018-06-08 01:36:24', '2018-06-08 01:36:24', '2019-06-08 07:06:24'),
('11374580297fdd40043a0137519da9b7d908eff52fb187a44ef6de00d7b2e52dca296cf7d67bee2f', 1, 5, NULL, '[]', 0, '2018-06-06 05:17:57', '2018-06-06 05:17:57', '2019-06-06 10:47:57'),
('117ceb61ea0be8640756a73096f934f05268f3eb79e52e762579736921858e29e401ac694bbc90d1', 1, 5, NULL, '[]', 0, '2018-06-07 04:31:43', '2018-06-07 04:31:43', '2019-06-07 10:01:43'),
('11fd2e5d06db6db093e57ee23f13f835e7bbdf55795e63187a9ce852733a4bc7cef72310f8538e2f', 1, 5, NULL, '[]', 0, '2018-06-06 03:58:13', '2018-06-06 03:58:13', '2019-06-06 09:28:13'),
('125bf4f4b8382c8eb42bd60024afaa61160da8af577ffa2f9bf4cbcbb1c06a970992a42f0a02b53d', 1, 5, NULL, '[]', 0, '2018-06-04 02:00:18', '2018-06-04 02:00:18', '2019-06-04 07:30:18'),
('12a9d550c8e61f43a52ef05769fc77e28104885f97b70c8586b98c88d642f71f420f5618651b25b3', 1, 5, NULL, '[]', 0, '2018-06-06 01:38:19', '2018-06-06 01:38:19', '2019-06-06 07:08:19'),
('12f34f7a4e88431e4c5952366a6f8f2cc3c326e2543eda225361a5a9b646bcd0194ffff7a59d7d14', NULL, 3, NULL, '[]', 0, '2018-06-05 00:00:30', '2018-06-05 00:00:30', '2019-06-05 05:30:30'),
('143717974e12358e913dfcf107e9d22fee71f6a9d26b53128f8ad0a275d804aadebc021b00b87974', 1, 5, NULL, '[]', 0, '2018-06-06 00:04:43', '2018-06-06 00:04:43', '2019-06-06 05:34:43'),
('1459b78475e0addb791e0d8ed8f96723787608a48ff09214c1e55b3e17c3f2333467f549188a198c', 1, 5, NULL, '[]', 0, '2018-06-06 05:54:34', '2018-06-06 05:54:34', '2019-06-06 11:24:34'),
('14af78a3b3cc798ecc45e73297768a8b8718f6a6a1d382457d5d27f7f5fde3a91761087deb63f70f', 1, 5, NULL, '[]', 0, '2018-06-05 23:53:50', '2018-06-05 23:53:50', '2019-06-06 05:23:50'),
('157ca467a8c360416b1a9e9f60e2f0c85435ab617021e9f22ba687451319898bd487d46be7d483be', 1, 5, NULL, '[]', 0, '2018-06-06 04:17:08', '2018-06-06 04:17:08', '2019-06-06 09:47:08'),
('15b3fc714bc3bfaefacf985d58ba451fe039a8e516e5749e46a6e4e3e053dda7162282cdafb1a004', 1, 5, NULL, '[]', 0, '2018-06-07 01:01:37', '2018-06-07 01:01:37', '2019-06-07 06:31:37'),
('15e6d3f8d649db66b1a32027c20a0712adc866672f389518102b24f10f8b0c9f362c022b8df1a32b', 1, 5, NULL, '[]', 0, '2018-06-07 04:27:08', '2018-06-07 04:27:08', '2019-06-07 09:57:08'),
('165e8e18a3c08d64112c28bd2ad4c9d03ee3088b3d9de5e07292e1606a8f8c49bc8dbc992f549541', 1, 5, NULL, '[]', 0, '2018-06-06 03:19:37', '2018-06-06 03:19:37', '2019-06-06 08:49:37'),
('16ae0501d82b1e973d6cb29b87c3bb87b12e1606989c54247834c01b68c6f1364013fd6b2e5c9837', 1, 5, NULL, '[]', 0, '2018-06-07 01:25:01', '2018-06-07 01:25:01', '2019-06-07 06:55:01'),
('17144f7afb4973787e60c52bca349f867de6e4b98c955126b71f3e5a85b1b6e3a0c0ed578e8c564f', 1, 5, NULL, '[]', 0, '2018-06-06 05:16:19', '2018-06-06 05:16:19', '2019-06-06 10:46:19'),
('17610fc15627fc2cced73d7cf510573c3ed151510060e660a46d7310b3cab0c1db427b405ae696fc', 1, 5, NULL, '[]', 0, '2018-06-07 07:25:26', '2018-06-07 07:25:26', '2019-06-07 12:55:26'),
('17adb2c9ba05d524363c4da553973089901ab067e479d1620f72ecd7b985bd4ef36644fb462db3fe', 1, 5, NULL, '[]', 0, '2018-06-06 03:56:32', '2018-06-06 03:56:32', '2019-06-06 09:26:32'),
('17b452f50e5df1a67a0f695be2dfd24008b035609cf46269c24717057ab4751b5e3be59b111e751c', 1, 5, NULL, '[]', 0, '2018-06-06 03:56:31', '2018-06-06 03:56:31', '2019-06-06 09:26:31'),
('17bb2e07435729e4f5c27d0651392c17dd3c5e0af965a418c4c06ab592749a11777990f22d9e041e', 1, 5, NULL, '[]', 0, '2018-06-08 04:37:13', '2018-06-08 04:37:13', '2019-06-08 10:07:13'),
('17c9e9bcb2f3ad8901b0ccb3db0fb775c440630f7c905ebd483272e660b6a8870462ec37cfab61da', 1, 3, NULL, '[]', 0, '2018-06-06 01:25:15', '2018-06-06 01:25:15', '2019-06-06 06:55:15'),
('1837df165cda9771167f491a20e363dff534ee9299b4aa6b508f4e996172d7d0bb4464d540f55aed', 1, 5, NULL, '[]', 0, '2018-06-08 01:40:49', '2018-06-08 01:40:49', '2019-06-08 07:10:49'),
('194fa9c2c25da84c7be231bc7cec52d85173fffad205bd0a0250bffe09c942fbc926c682c876fba4', 1, 5, NULL, '[]', 0, '2018-06-07 00:51:17', '2018-06-07 00:51:17', '2019-06-07 06:21:17'),
('1974fc38d70e3f45d56bec87ebb1a75419426f51778b4840dd8c73da7cf9f7e3e7e14abf34cc07b3', 1, 5, NULL, '[]', 0, '2018-06-08 03:49:12', '2018-06-08 03:49:12', '2019-06-08 09:19:12'),
('19de8c34d3790885528490d62a13d31dbbf9b67010db87919f448cdc5b072ec68747bfc62c330f1e', 1, 5, NULL, '[]', 0, '2018-06-08 04:28:11', '2018-06-08 04:28:11', '2019-06-08 09:58:11'),
('1a473ab01813fbce2bf59e62fca69aaedc3e90395c1d0ec8cddffd4072cdfe5070b8d540c62f866a', 1, 5, NULL, '[]', 0, '2018-06-06 05:11:37', '2018-06-06 05:11:37', '2019-06-06 10:41:37'),
('1a6211758fff65dd144c60231424f76d394b2bc7dbe19ceda90b33680bd96bf72aced3eae9db4f46', 1, 5, NULL, '[]', 0, '2018-06-06 03:54:10', '2018-06-06 03:54:10', '2019-06-06 09:24:10'),
('1af40878deccc94202307f89604a3d36814f2220a522ea022fb04e743217d373a0f1a64cc2eb4ef5', NULL, 3, NULL, '[]', 0, '2018-06-06 06:07:22', '2018-06-06 06:07:22', '2019-06-06 11:37:22'),
('1afd6c7683e98e2794bc9cba534b4fdecf4722f91d4ce5e421bd59083dae55e33e38fa78de37b479', 1, 5, NULL, '[]', 0, '2018-06-07 05:22:36', '2018-06-07 05:22:36', '2019-06-07 10:52:36'),
('1b5002d6d270d9bac4164eea87588e5b295bfd4a0bb74c345e122ff886df656a3fcfaa9ef4736de2', 1, 5, NULL, '[]', 0, '2018-06-08 00:08:17', '2018-06-08 00:08:17', '2019-06-08 05:38:17'),
('1b5c6b20ea92b1ffef29ce592cda9dc11bb766affc91035281d978cd405e0aa6ac200bc9aaf7b6c7', 1, 5, NULL, '[]', 0, '2018-06-06 04:07:01', '2018-06-06 04:07:01', '2019-06-06 09:37:01'),
('1b8a150f570833924644c07a7eded19fdfed65ba89363c7eb5af4a4dfa3d45d4058aa1c5d7c00470', 1, 5, NULL, '[]', 0, '2018-06-07 04:34:56', '2018-06-07 04:34:56', '2019-06-07 10:04:56'),
('1b8bfbfcb94e0880f50582675608a96ce428fe975c216deb0993333fc6268e5f5ed942fa5aa2b461', 1, 5, NULL, '[]', 0, '2018-06-07 08:19:59', '2018-06-07 08:19:59', '2019-06-07 13:49:59'),
('1cac9aab19faa7dccab80445cdb2ac8424d6c3c12238586e8da596a9d4fdb0d58c4ff939217504db', 1, 6, NULL, '[]', 1, '2018-06-05 00:42:54', '2018-06-05 00:42:54', '2019-06-05 06:12:54'),
('1d4668eed29ff37233d303fb9391ced6062f8dc94554f4f9d0ffa2fe4b80f51a0880a51a7d03e3ae', 1, 5, NULL, '[]', 0, '2018-06-06 05:09:39', '2018-06-06 05:09:39', '2019-06-06 10:39:39'),
('1d8f9a948ab1b1920b40825f245747dd94ae8768573a6cabeadf5b42e79eee11891ba298d94f75eb', 1, 6, NULL, '[]', 1, '2018-06-05 00:38:46', '2018-06-05 00:38:46', '2019-06-05 06:08:46'),
('1fbe903beb12327c0f48a98c589b8399ac53d3cbf0b1dc19b706b0d91858eaf76677170920452e49', NULL, 2, NULL, '[]', 0, '2018-06-04 01:17:26', '2018-06-04 01:17:26', '2019-06-04 06:47:26'),
('201d6934a5cf2f4b49efec2815a926e3330b10abd55f99c02e7064ae648638bf22723de2fc76d484', 1, 5, NULL, '[]', 0, '2018-06-08 04:24:19', '2018-06-08 04:24:19', '2019-06-08 09:54:19'),
('20967fa371ac8995c669dd93b85aed6138517d646621f54dafd1219df2ddeaede14bf2b4df3eaf6d', 1, 5, NULL, '[]', 0, '2018-06-07 04:35:22', '2018-06-07 04:35:22', '2019-06-07 10:05:22'),
('20f418abd50f67816ec47669c640920b7581b4472aecdbb7e370224669afd9c12e9e2dec86147d58', 1, 5, NULL, '[]', 0, '2018-06-07 08:21:10', '2018-06-07 08:21:10', '2019-06-07 13:51:10'),
('21a9609085229989c8e3b74b13695ce00c0ca0f939f529069b51b4f32b1bd2531ce8d56f4b3795c5', 1, 5, NULL, '[]', 0, '2018-06-08 00:06:33', '2018-06-08 00:06:33', '2019-06-08 05:36:33'),
('223d88278358029474dbae227af1714ccaa138ffe06679ff12ab6c931dad989c3845a428db430506', 1, 5, NULL, '[]', 0, '2018-06-06 03:26:30', '2018-06-06 03:26:30', '2019-06-06 08:56:30'),
('2298862115332936e1e2d32e558d03c29fc5e1e5e0249bd112cb4de87558c3021358fdcb06e1ef34', 1, 5, NULL, '[]', 0, '2018-06-06 05:17:27', '2018-06-06 05:17:27', '2019-06-06 10:47:27'),
('22e68714d4487e9e7f2a2adfcf969c2dd6af6d5254cf6a04995d045b3a101c1ce17c2b8c060cbac2', 1, 3, NULL, '[]', 1, '2018-06-03 23:57:02', '2018-06-03 23:57:02', '2019-06-04 05:27:02'),
('23368e93f4b5cd3cbbe95db8016ba10240528ca8ae5b8c8d78350562ff9374897896631902f8c2bc', 1, 5, NULL, '[]', 0, '2018-06-08 04:07:16', '2018-06-08 04:07:16', '2019-06-08 09:37:16'),
('24530a02c80661f070c80d3aa32db0018efd98fc954ed50e77195c97013b18b56b92b0087ef874d4', 1, 5, NULL, '[]', 0, '2018-06-06 07:30:20', '2018-06-06 07:30:20', '2019-06-06 13:00:20'),
('25dfed6f34688b267242c234afda1728e13daecc4f55dfa6fe5e4e4b8fa1fba4420f3b6c8a691cc2', 1, 5, NULL, '[]', 0, '2018-06-08 02:08:03', '2018-06-08 02:08:03', '2019-06-08 07:38:03'),
('25e098a5034646311c4067cf2274cd474c779bb7a650d5a63e70167e17645e9936b10d76305b5988', NULL, 3, NULL, '[]', 0, '2018-06-04 03:18:41', '2018-06-04 03:18:41', '2019-06-04 08:48:41'),
('26c7448d3365c2ebfece2385d30ca6edf1636a40f8c1f8e2b7cdcf281e17d4134e0f1213404e67e2', 1, 5, NULL, '[]', 0, '2018-06-06 02:00:46', '2018-06-06 02:00:46', '2019-06-06 07:30:46'),
('26cda4003c0e985b0f6b720253dfad851f3ec34c5a14ea4f0af7a5e53d670f4fd5dc711f8f0294be', 1, 5, NULL, '[]', 0, '2018-06-08 05:33:35', '2018-06-08 05:33:35', '2019-06-08 11:03:35'),
('278df4cb9d560cf951a16353a5da6cd8a5ccd35944e86b8a4201d4a86a096769f7015ab12d956862', 1, 5, NULL, '[]', 0, '2018-06-07 00:51:41', '2018-06-07 00:51:41', '2019-06-07 06:21:41'),
('27a34742684ba3bdac04111c2478270af09a0c9e45402b1e211fa38c027a73dba515c79f223349f5', 1, 5, NULL, '[]', 0, '2018-06-06 04:28:46', '2018-06-06 04:28:46', '2019-06-06 09:58:46'),
('28a6d764ae662a90955b45665920cfaee46d9b2f13fabbf40ae7b966ec26ba7bb2ef1a221565392a', 1, 5, NULL, '[]', 0, '2018-06-06 06:27:24', '2018-06-06 06:27:24', '2019-06-06 11:57:24'),
('28b6df51d103337e52dcbed2af39aebb5fd3c5670c1990f5bae92cfea2536d8903a5c2c40325714e', 1, 4, NULL, '[]', 1, '2018-05-25 07:08:55', '2018-05-25 07:08:55', '2019-05-25 12:38:55'),
('29b9ad624f5e5b0e3b80bca7510c8705ac2583189a1cd5d05de04aa7c47acb533dc7e5c6ad041b55', 1, 5, NULL, '[]', 0, '2018-06-08 02:11:17', '2018-06-08 02:11:17', '2019-06-08 07:41:17'),
('2a2258d8033912e1ae6c80f99eb79e7b5f6cc0a4d3d1e6abfcc369ff84a72257acbe76657a44bf6c', 1, 5, NULL, '[]', 0, '2018-06-08 02:04:49', '2018-06-08 02:04:49', '2019-06-08 07:34:49'),
('2a48123f20040fade1086f81a98fc4fcb9493f09aa9125578c38af84dccf16185c98f3e643bd9394', 1, 5, NULL, '[]', 0, '2018-06-07 01:24:32', '2018-06-07 01:24:32', '2019-06-07 06:54:32'),
('2a8a42d52b957bc74b62662a0a2949edb89cfd73a8896076518d3160e2db5da3cb46f5b93b801005', 1, 5, NULL, '[]', 0, '2018-06-08 02:09:09', '2018-06-08 02:09:09', '2019-06-08 07:39:09'),
('2ac32e5ecb3241c2fe49622903061cf89ea10a267099ee9e2a99955abd1da4f25ab04e474446f130', 1, 5, NULL, '[]', 0, '2018-06-06 05:36:02', '2018-06-06 05:36:02', '2019-06-06 11:06:02'),
('2b03b77b52a19403ad0c0201cbc51b593146683f2c9f905bb183b1bfc7de589c6449e508d2542979', 1, 3, NULL, '[]', 1, '2018-06-04 07:20:51', '2018-06-04 07:20:51', '2019-06-04 12:50:51'),
('2b381dfd8a34e3d614391af8291aeb7b3d638e263cf6eef36c74f6d58ab2a46def4c6896fb42d8b5', 1, 5, NULL, '[]', 0, '2018-06-07 07:33:51', '2018-06-07 07:33:51', '2019-06-07 13:03:51'),
('2b421ab1249634ac979a201ce10b98f4491ea6d62940cf96cfb2026660e24e007fd1dda52bb821f5', NULL, 3, NULL, '[]', 0, '2018-06-04 03:09:06', '2018-06-04 03:09:06', '2019-06-04 08:39:06'),
('2b4e189f1d49b7618122c152b77c7b7ff05c9baae05780a144617991cdaa2103a6035e4d607356e7', 1, 5, NULL, '[]', 0, '2018-06-06 23:47:20', '2018-06-06 23:47:20', '2019-06-07 05:17:20'),
('2b634c6a9268cd2733276272a3f768de828b762c0b77721332c28f4f79c4dde70c86efc8b6306c48', 1, 5, NULL, '[]', 0, '2018-06-06 03:26:17', '2018-06-06 03:26:17', '2019-06-06 08:56:17'),
('2b76e70c2e9b7aa09698243c3b8635a5ab6ea2d02047e572cec6c5524bde26345431c88597bafca1', 1, 5, NULL, '[]', 0, '2018-06-08 04:07:10', '2018-06-08 04:07:10', '2019-06-08 09:37:10'),
('2bb9e104fbf6525cdde943a4c5b58f91b73f04eac2fd53c47d432415459c215cf50214d09c7408d9', 1, 5, NULL, '[]', 0, '2018-06-07 00:51:31', '2018-06-07 00:51:31', '2019-06-07 06:21:31'),
('2c537aa7c9980a9b738cbf65c1ec14d698a69cf8d1d78f621253d1c12c37394e7413c7fdef46da39', 1, 5, NULL, '[]', 0, '2018-06-07 01:32:25', '2018-06-07 01:32:25', '2019-06-07 07:02:25'),
('2c63a2a15ac13f9a0f2163d82d7bd6a31b47c19700f7d9d997f76393b6a30f1dd03f56d6db39810f', NULL, 4, NULL, '[]', 0, '2018-05-28 00:01:05', '2018-05-28 00:01:05', '2019-05-28 05:31:05'),
('2c766df6f6e8699e15a467534751b516c046510669255c4c4d9dfdc3c724234826ea0b9fcba22bf8', 1, 5, NULL, '[]', 0, '2018-06-06 03:46:27', '2018-06-06 03:46:27', '2019-06-06 09:16:27'),
('2db139d42ffc642d6d378994c1d99acb810faadef6b8070443301af45abcb9d7bf8fd53aeda43f63', 1, 5, NULL, '[]', 0, '2018-06-06 03:53:25', '2018-06-06 03:53:25', '2019-06-06 09:23:25'),
('2e030de171091e51ec34133df7744cd886e28b45fb77bdec8f9b4491b0a387efa764e096fbacf448', 1, 5, NULL, '[]', 0, '2018-06-04 03:18:53', '2018-06-04 03:18:53', '2019-06-04 08:48:53'),
('2e15f37822e50920d0dd4633d52f262f4ef0c5dcc071f05cf73bed1d221fd816e27590c376d1c57b', 1, 5, NULL, '[]', 0, '2018-06-08 04:19:55', '2018-06-08 04:19:55', '2019-06-08 09:49:55'),
('2ea5fd1c9242318d2069fcc6fda57b358b109ebe35b101b7d28d0367ffffbfcd4db276fed075b83e', 1, 5, NULL, '[]', 0, '2018-06-08 04:03:20', '2018-06-08 04:03:20', '2019-06-08 09:33:20'),
('2ecf4a87dad8258b575d0b7ce97ed1f4563900961caa5621c8f94ddc6658ca1c78737240083ebef3', 1, 5, NULL, '[]', 0, '2018-06-06 07:30:33', '2018-06-06 07:30:33', '2019-06-06 13:00:33'),
('2f0362bcc942e00fa2dffb1aa72b665d0c8b617d3930bbcaa2be314c4811584f5e9f22692fbdfcc5', 1, 5, NULL, '[]', 0, '2018-06-07 01:01:17', '2018-06-07 01:01:17', '2019-06-07 06:31:17'),
('2f42ddb5b83befe12061d7734baf8cca1529ed78d4139fef236cdb6c74d4f883a4355854e8779f3d', 1, 5, NULL, '[]', 0, '2018-06-06 02:49:50', '2018-06-06 02:49:50', '2019-06-06 08:19:50'),
('2f6be99a3f6ebf074d647f16bbcacc2e54b2d169ba53f271a4512ad58174196ef231ab885a03b565', 1, 5, NULL, '[]', 0, '2018-06-07 01:35:52', '2018-06-07 01:35:52', '2019-06-07 07:05:52'),
('2f928ea3416a7f7b8f488f967d4e3f4619a27b19882f2b66fe03144ae29646d9a71b1fd0a2e930da', 1, 5, NULL, '[]', 0, '2018-06-07 07:26:22', '2018-06-07 07:26:22', '2019-06-07 12:56:22'),
('3014ab2f1107a83bd8141e5306e93e1c8a833eee7c80a104629a11d52b750a70a5bc1319f77f4d9e', 1, 5, NULL, '[]', 0, '2018-06-07 01:32:50', '2018-06-07 01:32:50', '2019-06-07 07:02:50'),
('302618c98f848353a3fb478c956e2dc4ea20263cd17135b0fa884401f6a4d5a0b31c62a75ca883b2', 1, 5, NULL, '[]', 0, '2018-06-05 04:50:16', '2018-06-05 04:50:16', '2019-06-05 10:20:16'),
('30479c980830e7c40b1c809217995f40c823389e1a68096bd14813f8308160846471ee7759d2da3d', 1, 5, NULL, '[]', 0, '2018-06-07 07:36:01', '2018-06-07 07:36:01', '2019-06-07 13:06:01'),
('309da037113e784ffc38fdfaf3d099fbf5cf1c9c588fa436d883359da739c227271ce4ac5a918eb8', 1, 5, NULL, '[]', 0, '2018-06-06 00:13:02', '2018-06-06 00:13:02', '2019-06-06 05:43:02'),
('30b53b0dd8c38bf4e0e465704714a84f35987914d492408f18cf5808b4dd21169b26d46a61b1c200', 1, 5, NULL, '[]', 0, '2018-06-07 04:34:55', '2018-06-07 04:34:55', '2019-06-07 10:04:55'),
('30fca7ccdcb0187c65cebb3858eee0f02930604ca42d47b5cb02fafecb718daeda9bea37255e424f', 1, 5, NULL, '[]', 0, '2018-06-07 00:00:19', '2018-06-07 00:00:19', '2019-06-07 05:30:19'),
('330438f1e5579927276ce406cb6df96ab0757b7070ca88579e13d0364cafa127b5f0839c7fab38a9', 3, 3, NULL, '[]', 1, '2018-05-28 04:50:51', '2018-05-28 04:50:51', '2019-05-28 10:20:51'),
('33962664602d0ecec081040c3ffd57e394575f71f0a6643098386e4e2ca8947d2fa41e0106d58d2a', 1, 5, NULL, '[]', 0, '2018-06-06 06:26:43', '2018-06-06 06:26:43', '2019-06-06 11:56:43'),
('33b571bf0f421da402b136044f432dc1a099ccea57c6fd9c00099b5cb75676c7c71285c0926538dc', 1, 5, NULL, '[]', 0, '2018-06-06 05:52:55', '2018-06-06 05:52:55', '2019-06-06 11:22:55'),
('346254814c6e083d171d1fb7930f423a6c43465d71568c7a669f9c07dcb91b6292ba9f664ef7d105', 1, 5, NULL, '[]', 0, '2018-06-08 05:09:11', '2018-06-08 05:09:11', '2019-06-08 10:39:11'),
('347e680ad33282c4cd12d29d60dcf888738a6d5825fe84b2bb8cdad2e008866eec86d1b7a9684727', 1, 5, NULL, '[]', 0, '2018-06-06 01:41:08', '2018-06-06 01:41:08', '2019-06-06 07:11:08'),
('356a0eac258ad75e9979a0d797615206f43582d87c3749837c4affafe440addc4c0baf5fa7e239ae', 1, 5, NULL, '[]', 0, '2018-06-06 03:19:26', '2018-06-06 03:19:26', '2019-06-06 08:49:26'),
('359f224037ce3077034f56a7ff9768dff332a9b9e5ce0893c1ac115d906918a387bf5a8390e1d1f9', 1, 5, NULL, '[]', 0, '2018-06-08 02:03:13', '2018-06-08 02:03:13', '2019-06-08 07:33:13'),
('36838d2ce2ac939535824af5572477f5416e053336c318b5eca1231ba2b5adaaaeb0993fc8a0c56d', 1, 5, NULL, '[]', 0, '2018-06-06 01:59:41', '2018-06-06 01:59:41', '2019-06-06 07:29:41'),
('36a091ab3eef546fed133816c323a942c4f5c40aeff2d26e40deeb98f1045ced53dc19334df7d7d8', 1, 5, NULL, '[]', 0, '2018-06-08 04:42:08', '2018-06-08 04:42:08', '2019-06-08 10:12:08'),
('372f58d17bc98f1c36d60dfca215a4374487204728f2c3b9c52cb98912c5bb855eab3ee207b26f6a', NULL, 3, NULL, '[]', 0, '2018-06-04 00:21:50', '2018-06-04 00:21:50', '2019-06-04 05:51:50'),
('373e0580ccd2ea6fdb6929a4cfc681c33c9a0a2a40d269677926fc428538509e589e6da8e201e491', 1, 5, NULL, '[]', 0, '2018-06-08 02:10:59', '2018-06-08 02:10:59', '2019-06-08 07:40:59'),
('37f6d2eb88328cc2daac62dd0b21bc5cfc44bf806939d06800d437572fe1b3f8c872f2d41269fb05', 1, 5, NULL, '[]', 0, '2018-06-08 04:36:27', '2018-06-08 04:36:27', '2019-06-08 10:06:27'),
('39788c07a3f31dcd4d9369856e7a9dfad8ad024ce6a28ccfaa9bac58633501de4026f3f411a75854', 1, 5, NULL, '[]', 0, '2018-06-06 05:11:49', '2018-06-06 05:11:49', '2019-06-06 10:41:49'),
('3a35d401de63ba9f04d10b27a6947b61558aba5b544e94327b2cbb822c81553302001fee8411a585', 1, 5, NULL, '[]', 0, '2018-06-07 01:08:25', '2018-06-07 01:08:25', '2019-06-07 06:38:25'),
('3a97e1a25912d7320d438c811254081fdcd78a7712b02c05c5868244e84ecadf78cfbc4eb6574966', 1, 5, NULL, '[]', 0, '2018-06-07 01:24:15', '2018-06-07 01:24:15', '2019-06-07 06:54:15'),
('3acdb7747cf81cce4cf5407f56bec64debc103560bb6963e4aa4915ebb84b6c64ee1f7e3b71757e9', 1, 5, NULL, '[]', 0, '2018-06-07 07:33:50', '2018-06-07 07:33:50', '2019-06-07 13:03:50'),
('3ae1532c4b257a959de7f7912ad96f3f8cf22e86a0d438f78f20334c8c42e256b95ad0350e37e488', 1, 5, NULL, '[]', 0, '2018-06-06 02:47:55', '2018-06-06 02:47:55', '2019-06-06 08:17:55'),
('3b17f8044729187b081eec89c98415720160c7b16cf299194ae73528acae3bf9c6c37d9f1bfe4880', 1, 5, NULL, '[]', 0, '2018-06-07 04:59:07', '2018-06-07 04:59:07', '2019-06-07 10:29:07'),
('3b399fc1b0f24e4bf264b6586b2c4ae9b7f4acafb05232eba31131ad0c9c8165abfc1bb12c42c0bc', NULL, 3, NULL, '[]', 0, '2018-06-04 01:12:55', '2018-06-04 01:12:55', '2019-06-04 06:42:55'),
('3b67dd28b454f628016c043b8dfa4bf5e6aa010f725f8e75ddc4a4e50d38b54605ab120e3bcf438d', 1, 5, NULL, '[]', 0, '2018-06-06 02:05:23', '2018-06-06 02:05:23', '2019-06-06 07:35:23'),
('3b7ee858d0319ecc6faa159fd2cf5e837a374ac01444efcf25cbc7daa33afb14bd2bd9406f50e348', 1, 5, NULL, '[]', 0, '2018-06-06 03:01:21', '2018-06-06 03:01:21', '2019-06-06 08:31:21'),
('3bebb261251d0541d314553d26d32edbe0b59daa9044ef0c62b2a6266bb2282b218983c659618b27', NULL, 2, NULL, '[]', 0, '2018-06-04 01:19:06', '2018-06-04 01:19:06', '2019-06-04 06:49:06'),
('3c1c066cfa0543f7d948497b59c6ce50e5509882587e61b89c54e1674eba4ab38d94bc348ebfe0f3', 1, 3, NULL, '[]', 0, '2018-06-06 06:26:55', '2018-06-06 06:26:55', '2019-06-06 11:56:55'),
('3d05eae3b62cc53e61280f0363cd4c118c82980e9c354b15cc3d7d5d3873056484851dd0f12d7dbc', 1, 3, NULL, '[]', 1, '2018-06-05 05:39:53', '2018-06-05 05:39:53', '2019-06-05 11:09:53'),
('3d4f9dd81836b88c84368a6e66c4de4ce6dcaef11efcb170542a1d0ace27147a3c494133586cf242', 1, 5, NULL, '[]', 0, '2018-06-05 05:23:09', '2018-06-05 05:23:09', '2019-06-05 10:53:09'),
('3df4e3b317484766dae60b943bc4c0a1499ee4cb5368353e6064cea0d6e511d0a32f8ca50ec589c8', 1, 5, NULL, '[]', 0, '2018-06-07 07:25:31', '2018-06-07 07:25:31', '2019-06-07 12:55:31'),
('3e635c4fc3f2525407bef0d97a64a59e324340107eaf31d06ec0e5f6c62cb6d5b83cd8845d96cc9f', 1, 5, NULL, '[]', 0, '2018-06-06 04:27:43', '2018-06-06 04:27:43', '2019-06-06 09:57:43'),
('3e950ee76a0b09afa6def81901e5763b1176896e4ea1e78df13387701eda66bb958e4dfe4c52400a', 1, 5, NULL, '[]', 0, '2018-06-07 07:31:05', '2018-06-07 07:31:05', '2019-06-07 13:01:05'),
('3eb67ab1f33e01b33bd67e960b8fe420221b1ac020e7df1826c03da286b183ef18c75a536a96eb24', 1, 5, NULL, '[]', 0, '2018-06-07 07:26:28', '2018-06-07 07:26:28', '2019-06-07 12:56:28'),
('3f2726902664991607c08aff68dd9adc3d7d898f72a5d2735d6a7d5832d91a6b88704b177c146d72', 1, 5, NULL, '[]', 0, '2018-06-08 04:15:28', '2018-06-08 04:15:28', '2019-06-08 09:45:28'),
('3f77b9326e24e07abc2c02567aea77e940f2da1e79fecd347a485fc18e3404880f3b10061dcef7aa', 1, 5, NULL, '[]', 0, '2018-06-05 06:22:00', '2018-06-05 06:22:00', '2019-06-05 11:52:00'),
('4011a7eb89c23ade63862e612ddaf74b62c9897db6c4a01a1ce77adf3d5de1dbbb1697562a33d5a2', 1, 5, NULL, '[]', 0, '2018-06-08 02:04:01', '2018-06-08 02:04:01', '2019-06-08 07:34:01'),
('40aea9b18a72df24ede64a896b0447245b7e85cb130d761e1530b25b89dce9f1b249c31aae83d9c1', 1, 5, NULL, '[]', 0, '2018-06-08 04:18:43', '2018-06-08 04:18:43', '2019-06-08 09:48:43'),
('40c85ab23c65b9aabb4eb83ba37b45f15e66e1dd033daf928ddbe9afcce18439bb590bf627a2a9f1', 1, 5, NULL, '[]', 0, '2018-06-07 01:01:16', '2018-06-07 01:01:16', '2019-06-07 06:31:16'),
('40d6f1e6bb16ab4f71435fc864a64bb0f8fe06ae616156c674ed7c0ce70aa3a112b079ad5568d9a8', 1, 5, NULL, '[]', 0, '2018-06-08 02:09:10', '2018-06-08 02:09:10', '2019-06-08 07:39:10'),
('40d792ef1265a4b288a2c7b2d1af8a06656943e246764e607d48531cde13633507250aedc9611ec9', 1, 5, NULL, '[]', 0, '2018-06-06 08:01:47', '2018-06-06 08:01:47', '2019-06-06 13:31:47'),
('40daa8084ed96cccb7e475640ddebb8b0974d9ee91b15ef3cd56aa21851ba66684e5c067883223ff', 1, 5, NULL, '[]', 0, '2018-06-07 01:23:07', '2018-06-07 01:23:07', '2019-06-07 06:53:07'),
('40e11d0a7c98870c651e4fc2c27ba7bd8155b9b54ae75fb8afd5e01e8a94a07f2d065ed8466be61a', 1, 5, NULL, '[]', 0, '2018-06-06 03:59:11', '2018-06-06 03:59:11', '2019-06-06 09:29:11'),
('410b8f90092643f574f0694d5e77c2f611a5a07eeaf7605a68257f11dd9932813f835b748fd83fc7', 1, 3, NULL, '[]', 1, '2018-05-28 05:32:45', '2018-05-28 05:32:45', '2019-05-28 11:02:45'),
('411279659ab0b33fbfb971752012055adb5df9d5dfb8b0121f5770d4746088eb1895331e92cbbf4c', 1, 5, NULL, '[]', 0, '2018-06-08 02:04:50', '2018-06-08 02:04:50', '2019-06-08 07:34:50'),
('426c548b17e0b397bd1762d5c833f947f2711c75c578461a7c8b29bf74b61b993b3137b60ddd36d6', 2, 3, NULL, '[]', 1, '2018-05-28 00:20:48', '2018-05-28 00:20:48', '2019-05-28 05:50:48'),
('42c9143f3c5e595a9544216f12a3fe8b8f8f7aed47d1075dc0ab024ef6689ab2ab57a3d6a147b873', NULL, 3, NULL, '[]', 0, '2018-06-05 05:42:16', '2018-06-05 05:42:16', '2019-06-05 11:12:16'),
('42d5cf92669c66fce0004cc0479b14c1bfde1f6bf37db230df424fce70611f46740445e4446e6203', 1, 5, NULL, '[]', 0, '2018-06-06 02:39:12', '2018-06-06 02:39:12', '2019-06-06 08:09:12'),
('435c8294eaf0d08ebbc53a6f595c6dcfc9beda8885d1a7c30558425fc30d3b2bc6446346bc0b4998', 1, 5, NULL, '[]', 0, '2018-06-07 01:23:06', '2018-06-07 01:23:06', '2019-06-07 06:53:06'),
('437de07dfe244a32db2a1a7e6dd2b52b85fc70a8c693d75f91537d005ea692bcf846b74205b2cdcf', 1, 5, NULL, '[]', 0, '2018-06-07 01:09:32', '2018-06-07 01:09:32', '2019-06-07 06:39:32'),
('43882dc7eae346243a420c2523c6ae2ef18e12d7fe7bd2215a26abb95f1fc7604dbb8a168b00c843', 1, 5, NULL, '[]', 0, '2018-06-04 01:57:45', '2018-06-04 01:57:45', '2019-06-04 07:27:45'),
('43ac977bd9115de873879ea03bb424ae17e509d39c9703039037279103026ce230e29a6305abb390', 1, 5, NULL, '[]', 0, '2018-06-08 01:36:23', '2018-06-08 01:36:23', '2019-06-08 07:06:23'),
('43b877162e8e9bcbc91665fef0ec01a4ec58a3381d777870a7af1a4cfb9ae42006b24a873f10ec33', 1, 1, 'Todos', '[]', 0, '2018-05-25 02:52:01', '2018-05-25 02:52:01', '2019-05-25 08:22:01'),
('43e023e8f7aad4aa097fef9acd53dc89184b6cb5d2e91b37acd88ad0ca173e551974bf04489721f8', 1, 5, NULL, '[]', 0, '2018-06-06 03:53:56', '2018-06-06 03:53:56', '2019-06-06 09:23:56'),
('43e0e105e9891d65b6f0f69f4544c13cb2303ecd04dbb49dfb2f8ae875efe34a7086d5abd624f9cb', 1, 5, NULL, '[]', 0, '2018-06-07 07:33:28', '2018-06-07 07:33:28', '2019-06-07 13:03:28'),
('44dec6126e01e77266d08d9adf77d9be0c96f535b82f193ed896557d446e849a6b1a11264227f4ed', 1, 5, NULL, '[]', 0, '2018-06-06 00:19:39', '2018-06-06 00:19:39', '2019-06-06 05:49:39'),
('44f790513c8e1631f4093069df9a4529a6bcb0994aec17cc7c3a51c0d318e9190a455a6c95c1b6e4', 1, 5, NULL, '[]', 0, '2018-06-08 04:19:41', '2018-06-08 04:19:41', '2019-06-08 09:49:41'),
('453ce917404b94bf1d8ca689cb50502f37b8c53de8755f9f9d72ac49985fa2ba90e1161c3651ad7d', 1, 5, NULL, '[]', 0, '2018-06-07 07:27:12', '2018-06-07 07:27:12', '2019-06-07 12:57:12'),
('46545786f5e73971b7e305b793dcb13f8fe378075d1ac283f638e4b831084924027f576b74a3d029', 1, 5, NULL, '[]', 0, '2018-06-08 05:08:01', '2018-06-08 05:08:01', '2019-06-08 10:38:01'),
('467427865004666e9e71fb1a745b33f985d62bccde2cf3d8ae7f13a903c7d7977f6c0c6d773c8100', 1, 5, NULL, '[]', 0, '2018-06-06 04:17:38', '2018-06-06 04:17:38', '2019-06-06 09:47:38'),
('46df0e732c6b4e2b1560ccb0229316bb480838fd2c65e665f82aac6ec39d7ea342feb13b5a02e29d', 1, 5, NULL, '[]', 0, '2018-06-06 05:13:43', '2018-06-06 05:13:43', '2019-06-06 10:43:43'),
('46faf4705373798287b644002d099dc7538a1eac59dfc325eacd703859720141a475485be18c422a', 1, 5, NULL, '[]', 0, '2018-06-08 01:35:27', '2018-06-08 01:35:27', '2019-06-08 07:05:27'),
('47499f6ecd1f37a151cfec89e92e57ca68cac5e6b742d17591e36a2fe3d90ac693d887c072547c86', 1, 5, NULL, '[]', 0, '2018-06-06 03:31:51', '2018-06-06 03:31:51', '2019-06-06 09:01:51'),
('47643e44951ced6388d515b348570f964e8dd665dc81598ba7a59e36b60dc9d78b1da0ee1a594795', 1, 5, NULL, '[]', 0, '2018-06-07 04:35:33', '2018-06-07 04:35:33', '2019-06-07 10:05:33'),
('4773b675983a6e98eaf5e0a100ab41ee4e66b489503f908f843bd24f41fd68b50d7f33bb8f7079d4', 1, 5, NULL, '[]', 0, '2018-06-08 04:34:02', '2018-06-08 04:34:02', '2019-06-08 10:04:02'),
('47b81c8f57e42375eae7284b55aabf9605934d411b5847355bc66d0a51bd1391b10a8f23219e600f', NULL, 5, NULL, '[]', 0, '2018-06-05 07:34:06', '2018-06-05 07:34:06', '2019-06-05 13:04:06'),
('483826724f0d16a5e624cf53b91e153bec21f5825858f601fc9a8066bd04bbb1824e34a43106d20d', 1, 5, NULL, '[]', 0, '2018-06-06 03:57:58', '2018-06-06 03:57:58', '2019-06-06 09:27:58'),
('484b753633784b8d94e490a59c06b800d4d8b74e48031ea4685d0d181af5a46194552d59853e6ea0', 1, 5, NULL, '[]', 0, '2018-06-06 05:17:22', '2018-06-06 05:17:22', '2019-06-06 10:47:22'),
('48964e48755939a25266954e56594a99c71e86b2c10715bad9ca875df4583cdef3dc44f07e92856d', 1, 5, NULL, '[]', 0, '2018-06-06 03:49:08', '2018-06-06 03:49:08', '2019-06-06 09:19:08'),
('48c3b3a544f89aa97af4877b13d02f1dc4e6b6b8d961b23d7cd05e5c5a67f05b29e30e95d9fffa9c', 1, 5, NULL, '[]', 0, '2018-06-07 01:37:31', '2018-06-07 01:37:31', '2019-06-07 07:07:31'),
('490f607e7a470023380177fbe2f63ac42128d23ca7f73b7fc43fd8c2642bd0c9c75745fd010b3e82', 1, 5, NULL, '[]', 0, '2018-06-06 02:57:15', '2018-06-06 02:57:15', '2019-06-06 08:27:15'),
('4962607cb3585d15e1f839b51d05a503fa5ee5fa90e131d9cb4052dc7e1caec98452680c1babe165', 1, 5, NULL, '[]', 0, '2018-06-06 07:30:11', '2018-06-06 07:30:11', '2019-06-06 13:00:11'),
('49a03a5f50a5e612193e25a5090f7dea49dabd4a0f26ac94f660832f59e068d3d06fb49426f307ce', 1, 5, NULL, '[]', 0, '2018-06-07 06:04:58', '2018-06-07 06:04:58', '2019-06-07 11:34:58'),
('49b3a05798bd2ab4d6aad62d88220f2e10cf3fb7414364054b1cd77563944828400f7cb127630dc3', 1, 5, NULL, '[]', 0, '2018-06-08 04:08:03', '2018-06-08 04:08:03', '2019-06-08 09:38:03'),
('49bb6087f7e52a952a9f077a8902f59eceac2ea3e22bea943136ae14c0ee1299037e0bb91fa45589', 1, 5, NULL, '[]', 0, '2018-06-07 01:03:32', '2018-06-07 01:03:32', '2019-06-07 06:33:32'),
('49d6d02727eb2c3b07e078b7539b4e91fe07e2025e868f3deb15daf98b08b8f68513a7ec329a71da', 1, 5, NULL, '[]', 0, '2018-06-08 01:41:36', '2018-06-08 01:41:36', '2019-06-08 07:11:36'),
('4a55e08f960af7816b1bd6b5e70445bb9dcf2dc3f19e9689741897514a96c9a97b408870872a0082', 1, 5, NULL, '[]', 0, '2018-06-07 05:16:23', '2018-06-07 05:16:23', '2019-06-07 10:46:23'),
('4acf435dbaf034b66c4d0db36d194ffdb90d80339658fdb68be084dc647e9fe0d5f7f897e130956a', 1, 5, NULL, '[]', 0, '2018-06-06 04:41:32', '2018-06-06 04:41:32', '2019-06-06 10:11:32'),
('4b1fdd7374806189e5f3ff48413b36b71e644a187a1320b90e994ebd915939ae968a1a476e2b048e', 1, 5, NULL, '[]', 0, '2018-06-08 01:39:04', '2018-06-08 01:39:04', '2019-06-08 07:09:04'),
('4b21ca4a5165c5a8f666ec14b4f68f3695fb7540dfd6f18227a2c47ed1e3c6e582cb79ed56c5f837', 1, 5, NULL, '[]', 0, '2018-06-06 05:09:20', '2018-06-06 05:09:20', '2019-06-06 10:39:20'),
('4b353586ce5dfefe42f471f9b4c1cfacbf89c65e64467f5832527988b7741dcea8ef7fb48c249027', 1, 5, NULL, '[]', 0, '2018-06-06 00:18:46', '2018-06-06 00:18:46', '2019-06-06 05:48:46'),
('4be53abd003cd4d8e89e709058063e87d61fc75601cfd78c127bfdad05034359627a3f8f931f2ae0', 1, 5, NULL, '[]', 0, '2018-06-06 05:13:25', '2018-06-06 05:13:25', '2019-06-06 10:43:25'),
('4c9947cfa630350317c36be0af0337c27eca33b87ce0b36df76be2e8f3e20a12a4af22a027ed7e08', 1, 5, NULL, '[]', 0, '2018-06-08 04:03:26', '2018-06-08 04:03:26', '2019-06-08 09:33:26'),
('4cd1ba5efb42aa06cc0c125ee13d8a2601d17b72da493847399b44648750878a8d56b9a20cbf4e44', 1, 5, NULL, '[]', 0, '2018-06-06 02:00:45', '2018-06-06 02:00:45', '2019-06-06 07:30:45'),
('4cf30ca2ae9edc7e74b92993db99454925d6003035039910a65c51bdb0c1dd4cfec21c7cd2142e78', 1, 5, NULL, '[]', 0, '2018-06-06 04:01:08', '2018-06-06 04:01:08', '2019-06-06 09:31:08'),
('4d13442f894410d35b096e47dc8872ebbda998a946b36fb899c00209c485a25ae359b99fd23676bc', 1, 5, NULL, '[]', 0, '2018-06-07 07:26:21', '2018-06-07 07:26:21', '2019-06-07 12:56:21'),
('4d3a266894f9950e51f4266922c53d9ec4e51d4352fca9aab5b340f720cb61eca07c9b3ac4f98d25', 1, 5, NULL, '[]', 0, '2018-06-06 02:39:24', '2018-06-06 02:39:24', '2019-06-06 08:09:24'),
('4d4b9f9fe8b263acbdc8706c54b6a7473c8c1db27ed42d455707d70980b0046136ad4acd7e19d4de', 1, 5, NULL, '[]', 0, '2018-06-06 00:05:49', '2018-06-06 00:05:49', '2019-06-06 05:35:49'),
('4d78bab3a0cc319e01e3b0542ac758acedf366842110ec936dff4b13adc2ce108628e6c59c94726e', 1, 5, NULL, '[]', 0, '2018-06-07 01:26:56', '2018-06-07 01:26:56', '2019-06-07 06:56:56'),
('4d863c0e39339243e41729805e848857e44bd2d82c2b8404d316ecdb2826f540b088a0bec4affa81', 1, 5, NULL, '[]', 0, '2018-06-06 05:01:19', '2018-06-06 05:01:19', '2019-06-06 10:31:19'),
('4dddaf6fa4c8286f302111783c7f1d3f2f2afeaa99adceb2cdf0bd949a8fb5a15251afd492800538', 1, 5, NULL, '[]', 0, '2018-06-06 05:54:20', '2018-06-06 05:54:20', '2019-06-06 11:24:20'),
('4e0cb215f2994d1cfd818c26e317fdc7473e9e73f2f7563fd83d7791e58f005b956d4469e070f8be', 1, 5, NULL, '[]', 0, '2018-06-08 01:40:32', '2018-06-08 01:40:32', '2019-06-08 07:10:32'),
('4e338ec97f6ecbed4c238c8b8bb3adc68b6910da9a042b568b6a63119424f728ee27e9c8c43ac893', NULL, 3, NULL, '[]', 0, '2018-05-25 03:15:12', '2018-05-25 03:15:12', '2019-05-25 08:45:12'),
('4e73befc28a1d1d4a17ff18cb6eeaf7ecfc3a8bca7b3c437abf4a3c823682b10e4438f1b53ac2d75', 1, 5, NULL, '[]', 0, '2018-06-05 04:40:18', '2018-06-05 04:40:18', '2019-06-05 10:10:18'),
('4e9cc69c7d5e7bbe349e31b3ac347428fb491bba7af139ba8e51b559f0efe6849c8e0fb6189f06b8', 1, 3, NULL, '[]', 1, '2018-05-28 00:19:27', '2018-05-28 00:19:27', '2019-05-28 05:49:27'),
('4eb6ef45c386ab283a5ad2dc64cc4626fec8bd4992a7bc5eea08a047e8a1121a5ed25e4d591172bb', 1, 5, NULL, '[]', 0, '2018-06-08 02:11:18', '2018-06-08 02:11:18', '2019-06-08 07:41:18'),
('4f4904d24050a4742c5ee3cdfbe3a4431093e5ac9404799b15177918eddd671a8ca13bc4788d990b', 1, 3, NULL, '[]', 1, '2018-05-28 04:44:08', '2018-05-28 04:44:08', '2019-05-28 10:14:08'),
('4f8f6104b410b93c294cef8eb569065780c5b47152ba8c820e4814464b4d5c245191b1d5492bbccf', NULL, 3, NULL, '[]', 0, '2018-06-04 02:26:21', '2018-06-04 02:26:21', '2019-06-04 07:56:21'),
('4ffd20793a20eb92aeb901dd16b21c8613e1c95c70c3e90c9a0fe1e67319d6fa4218ecc3dfa3e5e5', 1, 5, NULL, '[]', 0, '2018-06-08 03:41:41', '2018-06-08 03:41:41', '2019-06-08 09:11:41'),
('5099568fdb14aaaa238dcc80bffbd9c75de3a47c806457b7f9cf7fd156cc3e9503a326cfb2345fef', 1, 5, NULL, '[]', 0, '2018-06-06 03:56:09', '2018-06-06 03:56:09', '2019-06-06 09:26:09'),
('50dd805454e67e50927d702ec7b3cb8b69d8083766b82aa5f4b15bfe9ac7a345221de75864c62e84', 1, 5, NULL, '[]', 0, '2018-06-08 04:29:55', '2018-06-08 04:29:55', '2019-06-08 09:59:55'),
('50e06347e380b63443bf8dcf173899c940178eae7961de4b2de57300bacd1646c7dc0b592461a7db', 1, 5, NULL, '[]', 0, '2018-06-05 06:21:48', '2018-06-05 06:21:48', '2019-06-05 11:51:48'),
('510a95eb769ea3a9e771f8598a2cafcec27ac6f3b9407df6a2ab619daa69e5e2c45e17aa29104bfc', 1, 5, NULL, '[]', 0, '2018-06-07 01:02:00', '2018-06-07 01:02:00', '2019-06-07 06:32:00'),
('510e46dcecb77d3c797ef8bb9520fa49a95f2a839c7074fdf04a32cc3032de974d60a4114ce19944', 1, 3, NULL, '[]', 0, '2018-06-06 23:47:58', '2018-06-06 23:47:58', '2019-06-07 05:17:58'),
('51126b54f26dd2de1d22d5404e0363f632838b29b3b9898f74c992d35a53e368f198bf691772eeda', 1, 5, NULL, '[]', 1, '2018-06-08 00:17:04', '2018-06-08 00:17:04', '2019-06-08 05:47:04'),
('514f9013c9c8ecd55e249d8a662426de99ded089b36287b936d136794fdfd887419c949f2297ff42', 1, 3, NULL, '[]', 1, '2018-06-05 07:34:30', '2018-06-05 07:34:30', '2019-06-05 13:04:30'),
('52438bcd0cca982ca18aafa676854cb2125b08258b9bbb75bc89badf891b6a37f33b4c3d5154a67b', 1, 3, NULL, '[]', 1, '2018-06-04 04:03:58', '2018-06-04 04:03:58', '2019-06-04 09:33:58'),
('52a43437e4d6618d203f3b4964cd2b04c0e2c46681340bad04303138bdc3732da62115140a79fcdd', NULL, 3, NULL, '[]', 0, '2018-06-04 00:19:18', '2018-06-04 00:19:18', '2019-06-04 05:49:18'),
('52b05a9c141234e42afdbac2262f10c430679d6829fa89c39eacfe8619c20c9deb14ed1bdb5745f0', 1, 5, NULL, '[]', 0, '2018-06-05 06:20:03', '2018-06-05 06:20:03', '2019-06-05 11:50:03'),
('52dba7761a03c2fc1ebab2445bb089b45998a2bd837eb9f827b5736e86d35d3fbc6a32070acadaaf', NULL, 3, NULL, '[]', 0, '2018-06-04 01:13:10', '2018-06-04 01:13:10', '2019-06-04 06:43:10'),
('5345d9019979a1f0b1ca03ff31f3b09098ec8e123271cb7e90780db6d3f1df20d19bf49fe8c9c96a', 1, 5, NULL, '[]', 0, '2018-06-07 04:57:37', '2018-06-07 04:57:37', '2019-06-07 10:27:37'),
('53b2c0a390e2723979a04adb0dae266338c629a80aa4239da8439f529b3ea7ef7d487ee7c1e648e1', NULL, 2, NULL, '[]', 0, '2018-06-04 01:17:52', '2018-06-04 01:17:52', '2019-06-04 06:47:52'),
('54540fdeee672e557b60de9a870725451c5b6d66209ff3979d2a5e7d4808d658c84e71cf94e0c92c', 1, 5, NULL, '[]', 0, '2018-06-07 08:18:46', '2018-06-07 08:18:46', '2019-06-07 13:48:46'),
('5467eea06435a46ca4ad9f7e7aa23ef4b473457e1cd0da148e058cab3e026935ae56dd10b880cf56', 1, 5, NULL, '[]', 0, '2018-06-06 04:30:51', '2018-06-06 04:30:51', '2019-06-06 10:00:51'),
('546d84474f0260180cabc27ecaa8511f5b8f3182a96ecf3a9f1f07e699be0d166adbe43975405d0c', 1, 5, NULL, '[]', 0, '2018-06-05 23:54:10', '2018-06-05 23:54:10', '2019-06-06 05:24:10'),
('54a0f3068533553952597330a81696bc10501b83228c2874d4d730708a9c45d5a132ba2c0f010fa5', 1, 5, NULL, '[]', 0, '2018-06-08 03:41:40', '2018-06-08 03:41:40', '2019-06-08 09:11:40'),
('54b228e6aeba8c1e69e113115eefa38389e0e2f8569ae70099bb09e2c81ddc53ad11faddc6b1c8ad', 1, 5, NULL, '[]', 0, '2018-06-07 07:26:37', '2018-06-07 07:26:37', '2019-06-07 12:56:37'),
('54c08d4e44873afd9bfb827917169a1298f9ee050e38fcc9a2da7dd4f2db0c5bbbfb6b7685d1c44f', 1, 5, NULL, '[]', 0, '2018-06-07 08:19:35', '2018-06-07 08:19:35', '2019-06-07 13:49:35'),
('555638fc3e7466cf483eebe03452f527fc1937060a32092e170e67a2f7879b58f79a81fb45e1d167', 1, 5, NULL, '[]', 0, '2018-06-07 07:36:02', '2018-06-07 07:36:02', '2019-06-07 13:06:02'),
('5601419d0585c1d9f6499e6befbd7feed8ffad13d77ebc27b6e1cd59ec1eb02c7dff487c894c4291', NULL, 4, NULL, '[]', 0, '2018-05-28 00:02:24', '2018-05-28 00:02:24', '2019-05-28 05:32:24'),
('56a7e25eadd858bd13eccc993401799ab3014d3a6be04bae2b0aa9d7356552a1767faeb0c3ae62c1', 1, 5, NULL, '[]', 0, '2018-06-07 07:30:54', '2018-06-07 07:30:54', '2019-06-07 13:00:54'),
('575efcacda199696d9447c4e8cf980e3d6b661a2d07f73076714e00d273b0f25cc99096ff82866cc', 1, 5, NULL, '[]', 0, '2018-06-08 01:40:50', '2018-06-08 01:40:50', '2019-06-08 07:10:50'),
('57901464e32dc184fdcd978846688d5cac2e190cf8ab49edf136b60c576823f21fbc91e868cc72c4', 1, 5, NULL, '[]', 0, '2018-06-05 23:54:19', '2018-06-05 23:54:19', '2019-06-06 05:24:19'),
('57b83eb760141c4d2b4a877959754a43c85a974bc1b00405aa4be9f6f0b3204dd9d76a2931b6bb9b', 1, 5, NULL, '[]', 0, '2018-06-06 23:47:21', '2018-06-06 23:47:21', '2019-06-07 05:17:21'),
('57bf1fb5cce71e7221c6428d802c7c26824de29da20236d5ab2d6188ba20b7f7b54950d01ad84136', 1, 5, NULL, '[]', 0, '2018-06-08 01:39:03', '2018-06-08 01:39:03', '2019-06-08 07:09:03'),
('57c6006172c64120e16022ef94dfaaa9d3bbe8690270796a6196ce312d664218e411cc8d17a227e0', 1, 5, NULL, '[]', 0, '2018-06-08 04:15:27', '2018-06-08 04:15:27', '2019-06-08 09:45:27'),
('57f6f37315f66834769a88087c0e59f82556c944fa7c8e15c8445894ac8dc5b0c33560d30610bf76', NULL, 5, NULL, '[]', 0, '2018-06-05 07:30:52', '2018-06-05 07:30:52', '2019-06-05 13:00:52'),
('587219e566cf5c27908573f3fe15b033e95bc09acf72be1f0c39f8269a8313d7d084b13bcfb555b4', NULL, 3, NULL, '[]', 0, '2018-06-04 00:16:00', '2018-06-04 00:16:00', '2019-06-04 05:46:00'),
('58976b840d1089ac09abe5f890db276b94956584a88142147f31131b6837b2bdd51dbf3c19ca7f71', 1, 3, NULL, '[]', 1, '2018-06-05 23:53:13', '2018-06-05 23:53:13', '2019-06-06 05:23:13'),
('590885bfd2324313ddde034b2d28292af42d364f47038443f0f11708d1dfbc54b8d09a73fc0db5f4', 1, 5, NULL, '[]', 0, '2018-06-05 07:30:13', '2018-06-05 07:30:13', '2019-06-05 13:00:13'),
('5940a63d789a195b0576f62527543c7f98b376a2233be507699a729027170c4c8ee1d50033c42439', 1, 5, NULL, '[]', 0, '2018-06-06 01:47:37', '2018-06-06 01:47:37', '2019-06-06 07:17:37'),
('594ab7c4e28fcb969ac4b93f7c8fe981210cf8529d13c722155f45095e3baa98c0fc7bcda6d296ed', 1, 5, NULL, '[]', 0, '2018-06-06 03:57:18', '2018-06-06 03:57:18', '2019-06-06 09:27:18'),
('59b81e7c4b756ee4905da0b2bfc8546558f8033f4369486a2be56af86b8c6e8ba866978b191e2fe5', 1, 5, NULL, '[]', 0, '2018-06-06 02:54:25', '2018-06-06 02:54:25', '2019-06-06 08:24:25'),
('59f2a075855368db8bcd6d0ac9545bc6a131b8b9cabf59fcb469ef5fe7727abf2589f8515d504b4c', 1, 5, NULL, '[]', 0, '2018-06-06 03:32:44', '2018-06-06 03:32:44', '2019-06-06 09:02:44'),
('5a0cfd4efac592ef225342727312ce09b37fc4b89e236f307dfcee52802bb4701e0f25064a1dbec5', 1, 5, NULL, '[]', 0, '2018-06-04 01:52:15', '2018-06-04 01:52:15', '2019-06-04 07:22:15'),
('5a138daa8bc8f1cc4cdda453610aa0618e7dc11ec55d98fc60a95c4c4d4e55596940e092a005015f', 1, 5, NULL, '[]', 0, '2018-06-06 02:50:31', '2018-06-06 02:50:31', '2019-06-06 08:20:31'),
('5a71c93ae79bc957d41f490bba58b3e908b0bc7ddbe78aad655dbb002705842e736d869ffc5ac9f7', 1, 5, NULL, '[]', 0, '2018-06-06 03:52:57', '2018-06-06 03:52:57', '2019-06-06 09:22:57'),
('5a9349d99269dc316688966764f72758f4ec8c4d8706d4be31eda15cf2fb73246c2babaa139cd271', 1, 3, NULL, '[]', 1, '2018-05-27 23:41:39', '2018-05-27 23:41:39', '2019-05-28 05:11:39'),
('5bbc3d446f92347c6bfe783ffbc170a93b2db6b5c49717568b91235b50762fbafb830e604d0f7571', 1, 5, NULL, '[]', 0, '2018-06-07 06:03:13', '2018-06-07 06:03:13', '2019-06-07 11:33:13'),
('5c46d268a94a14f80671449d1b8f292868eeef31c6279da54039e06151d297606b6563511066dcb0', 1, 5, NULL, '[]', 0, '2018-06-06 03:58:18', '2018-06-06 03:58:18', '2019-06-06 09:28:18'),
('5cc580aae80a824376bff58a9acba86ea66be5900f8da5eebaadf1bfadf5126f0fda642d6bcf1dad', NULL, 3, NULL, '[]', 0, '2018-06-06 06:07:03', '2018-06-06 06:07:03', '2019-06-06 11:37:03'),
('5d0c94d6b7c72fe65c7bc7100c3abf01eb6f2bb823f8b07ed521464c649392b957a7c1fbde4ac044', 1, 5, NULL, '[]', 0, '2018-06-06 04:16:42', '2018-06-06 04:16:42', '2019-06-06 09:46:42'),
('5d0e2f2e532a0731fa377b279a0e88cb855b76e0f03c77ce9eabd8e4f67e1f0d93ede280d813640d', 1, 5, NULL, '[]', 0, '2018-06-08 05:07:49', '2018-06-08 05:07:49', '2019-06-08 10:37:49'),
('5d676db88d482ebb47cc49bf921304095e963c72f1233e333fed14e04ee4b763f60b5edb7e7333b9', 1, 5, NULL, '[]', 0, '2018-06-07 06:02:40', '2018-06-07 06:02:40', '2019-06-07 11:32:40'),
('5da9671ebfc22758d24678381a5096190d40b4ee204c3f6d0cc3d8cd4a6f8cfd3753d8f7ce632ebb', 1, 5, NULL, '[]', 0, '2018-06-06 02:41:47', '2018-06-06 02:41:47', '2019-06-06 08:11:47'),
('5db5ea448f136550cf8960c20ddb09af9b67b48b70d22aa4e42862117422aa1d296f0e7eeca8b52a', NULL, 3, NULL, '[]', 0, '2018-06-04 01:04:09', '2018-06-04 01:04:09', '2019-06-04 06:34:09'),
('5e1fba36f6887be8f57ee2a6ae0399a45ad4b2bf38d30722521c9a6e635ff1f8db89a87ad43ab355', 1, 5, NULL, '[]', 0, '2018-06-07 07:26:37', '2018-06-07 07:26:37', '2019-06-07 12:56:37'),
('5e2a30f244fe0fa527b5aa8990e57c276cd751fd221094b97cece0b9f7cb047147e3c7a810e293ce', 1, 5, NULL, '[]', 0, '2018-06-07 01:08:56', '2018-06-07 01:08:56', '2019-06-07 06:38:56'),
('5e363d2d3b1e33a3f9f6b321d01dc619225b2479998a1040508ebc36f842b8fb0ebb3bbb91c2229a', 1, 5, NULL, '[]', 0, '2018-06-06 02:42:00', '2018-06-06 02:42:00', '2019-06-06 08:12:00'),
('5eb6550a95a76ad369573c0f714e989e75d45aa1eaf9480ce32020f2001c717c5ea2dbfd6cf3e2b1', 1, 5, NULL, '[]', 0, '2018-06-06 04:17:43', '2018-06-06 04:17:43', '2019-06-06 09:47:43'),
('601cb23f8fc0ab7f2ef63374e88f11532c1df39d3392d862a9660e45a766dbdab34c58b483e3937e', 1, 5, NULL, '[]', 0, '2018-06-06 05:15:15', '2018-06-06 05:15:15', '2019-06-06 10:45:15'),
('602e10ad9229c295c388482980336be46b625841b3e25e12dd9b1641e15d340c8807a4051682a94c', 1, 5, NULL, '[]', 0, '2018-06-08 00:06:05', '2018-06-08 00:06:05', '2019-06-08 05:36:05'),
('6051dc9fb2b8882d54e2b518bde584142b5fcc9b63f778ec2343005821f9eb680cb94932c56e74bf', 1, 5, NULL, '[]', 0, '2018-06-05 04:40:47', '2018-06-05 04:40:47', '2019-06-05 10:10:47'),
('605edbb7229195eeb9809a7ff9b395f1a1ea99e62912efcfd2c49022feb61e969641f399b38ef357', 1, 5, NULL, '[]', 0, '2018-06-07 07:23:59', '2018-06-07 07:23:59', '2019-06-07 12:53:59'),
('609aa519f0cf3e17c3b472103c2cc35f38022eda66ec97ccb266228ae43ea8a43d4646390dc70de4', 1, 5, NULL, '[]', 0, '2018-06-06 04:52:47', '2018-06-06 04:52:47', '2019-06-06 10:22:47'),
('60a1d62110b6a7d2ab586bce8cb41183a4f71533f2eaa85dfc05f9714505f4a56189c848e46c5905', 1, 5, NULL, '[]', 0, '2018-06-07 04:26:21', '2018-06-07 04:26:21', '2019-06-07 09:56:21'),
('60a8d1b2357a3b700581f590f8bc6eb4c8b7f53ebbe69ee60e7c31962f2629243d2bf964b4774056', 1, 5, NULL, '[]', 0, '2018-06-08 06:00:43', '2018-06-08 06:00:43', '2019-06-08 11:30:43'),
('60c9f9cfb2f77e0c4600e9e917d5905228d252a3867bd762213494c724d336035ba0c41107a9240f', 1, 5, NULL, '[]', 0, '2018-06-05 06:29:42', '2018-06-05 06:29:42', '2019-06-05 11:59:42'),
('60f6f8cc06552fce1ac4b5018f4d51bed00539b0c48c2ad6826c3db22a08c37f3a5c2786382c634a', NULL, 3, NULL, '[]', 0, '2018-06-04 00:20:34', '2018-06-04 00:20:34', '2019-06-04 05:50:34'),
('613eeef3f5090ddfee7ba204077cd607c60e3c3869cd9de0e4a1ddb296972d1f7891a9d7c3ba5523', 1, 5, NULL, '[]', 0, '2018-06-08 04:03:19', '2018-06-08 04:03:19', '2019-06-08 09:33:19'),
('61536a1a0c741cad7ab21bf1733df0f3d9072cccf9567ac5e44472de56b44ad0dcfaf01347d41b16', 1, 5, NULL, '[]', 0, '2018-06-08 04:54:40', '2018-06-08 04:54:40', '2019-06-08 10:24:40'),
('615c2cb2c9d9ef0a56324828a64fed7a80758508e141ea1a37aad1defc8635be757d22efbb7bfad4', 1, 5, NULL, '[]', 0, '2018-06-04 01:52:59', '2018-06-04 01:52:59', '2019-06-04 07:22:59'),
('617d68fdc3dba332ce7016a3a2640aae6262756e3d205f9bfdfef976404d6ee149c8bd645daad7f8', NULL, 2, NULL, '[]', 0, '2018-06-04 01:22:42', '2018-06-04 01:22:42', '2019-06-04 06:52:42'),
('618b49261784c27aacac05db3ba8283398aaa530b45bee7aa5d4dc417f3c60d79bbc6c7abfa63f00', 1, 5, NULL, '[]', 0, '2018-06-07 07:33:16', '2018-06-07 07:33:16', '2019-06-07 13:03:16'),
('61934b481f3c76bcb54962552aab286896a08090134191d7954370571c722d05c9883fd671cae504', 1, 3, NULL, '[]', 1, '2018-05-25 06:24:24', '2018-05-25 06:24:24', '2019-05-25 11:54:24'),
('620b3fdd81287f69f3fa7a53f96d7ec2647f1fd6fcdf2f1a9d87ace796018bf96434edf1b9d51b5d', 1, 5, NULL, '[]', 0, '2018-06-07 04:56:12', '2018-06-07 04:56:12', '2019-06-07 10:26:12');
INSERT INTO `oauth_access_tokens` (`id`, `user_id`, `client_id`, `name`, `scopes`, `revoked`, `created_at`, `updated_at`, `expires_at`) VALUES
('62369ce33a67c58633a67fe846362c94204dd4dfbd4565e52d86dbcd590c2a643c919a8a8313a0a8', 1, 5, NULL, '[]', 0, '2018-06-07 07:33:15', '2018-06-07 07:33:15', '2019-06-07 13:03:15'),
('62412d2d87f07ac3a4b8824dda6652b539c0d392acf38bef1c351d2ce873f467bab8fc39a5c42cdf', 1, 5, NULL, '[]', 0, '2018-06-06 03:02:35', '2018-06-06 03:02:35', '2019-06-06 08:32:35'),
('62cf8ba6a0cda915525a15a1e2d8f09af71557e15fdf36ab70b8a26ae97ab53ffcea94045850ad34', 1, 5, NULL, '[]', 0, '2018-06-07 01:08:57', '2018-06-07 01:08:57', '2019-06-07 06:38:57'),
('62f4733f939ff3e91d4d10a91fdc61c50701a182d835334e49bb5c35b714a6051b03928a54f23fab', NULL, 5, NULL, '[]', 0, '2018-06-05 07:36:00', '2018-06-05 07:36:00', '2019-06-05 13:06:00'),
('63706f9c01f32b0897dc114126bfd018d00e86c3958d3463d54c2634316b648f1c1255188ed46be1', 1, 5, NULL, '[]', 0, '2018-06-06 03:28:50', '2018-06-06 03:28:50', '2019-06-06 08:58:50'),
('6487ff4f9961786ceaf946d60043960a3164a5b76a2a0108e94b7d7bcfa52b7ebd15852d819311f1', 1, 5, NULL, '[]', 0, '2018-06-08 01:41:35', '2018-06-08 01:41:35', '2019-06-08 07:11:35'),
('648b690a67ff13b8c0392f89f64e926766aa326c022e5a8e3a79a5ff3cb0c6044a62779c2a0e8723', NULL, 3, NULL, '[]', 0, '2018-06-04 00:04:28', '2018-06-04 00:04:28', '2019-06-04 05:34:28'),
('648c87c30863d41a0984b253a9bf1af2c0af8b83712a19d654d034ea6d253f4efd7d62bb70de2bf0', 1, 5, NULL, '[]', 0, '2018-06-06 05:54:47', '2018-06-06 05:54:47', '2019-06-06 11:24:47'),
('64a0cbac252a4a9dfa35c7b1564b52df3b4880207313a863674e10b779a85d8caef95c414e7f793b', 1, 5, NULL, '[]', 0, '2018-06-06 03:46:47', '2018-06-06 03:46:47', '2019-06-06 09:16:47'),
('64b8091efa7f603624f7f17775d23078682eb5219904e58b6f5497157186a9be28b81eadfe812c8d', 1, 5, NULL, '[]', 0, '2018-06-08 04:16:16', '2018-06-08 04:16:16', '2019-06-08 09:46:16'),
('64c1cb3dd2366a97ad0aa1d1d80068ef94f9ba279d9c0474279062831617f83a38eb95f0e788166d', 1, 5, NULL, '[]', 0, '2018-06-08 04:08:04', '2018-06-08 04:08:04', '2019-06-08 09:38:04'),
('6502cd95a95bf16af2985f0dbbd292d6c673edcead823c3feec1fb763b4a910aa112ef578e3edb25', NULL, 3, NULL, '[]', 0, '2018-06-04 03:08:44', '2018-06-04 03:08:44', '2019-06-04 08:38:44'),
('65158a5dc699e1a3914308b1ea63d4b79ed12cee3f69f31c3672f0b745f1a00fc4baa1ea0f80af37', 1, 5, NULL, '[]', 0, '2018-06-08 05:05:51', '2018-06-08 05:05:51', '2019-06-08 10:35:51'),
('65b94e8164b63898104da682963efdab3b5e44e307b256d96afb749a5b3b25420e37a60adad1e97e', 1, 5, NULL, '[]', 0, '2018-06-06 04:31:22', '2018-06-06 04:31:22', '2019-06-06 10:01:22'),
('65cb6a7ecdc3b69983b1e6e19e452957af678da2d94ef677d36e901bd38e90185f15c3f9ac627123', 1, 5, NULL, '[]', 0, '2018-06-06 03:25:59', '2018-06-06 03:25:59', '2019-06-06 08:55:59'),
('65feef4c37f83d7940b41ca697112060fa08d7b67d1dc77de32758d03766207b4caa44a533786071', 1, 5, NULL, '[]', 0, '2018-06-06 02:39:08', '2018-06-06 02:39:08', '2019-06-06 08:09:08'),
('664acf76841f06812b27a9ba25c34fbb533f8c5f1e002e961621379be66ea3fa7868c7853191e22c', 1, 5, NULL, '[]', 0, '2018-06-07 00:00:50', '2018-06-07 00:00:50', '2019-06-07 05:30:50'),
('66750d4b7c5cef5b7612dcb99339ca98d5f6f8467bb3718f6ebe0a76bdcff232acb83e1fbd3e338b', NULL, 5, NULL, '[]', 0, '2018-06-06 00:16:33', '2018-06-06 00:16:33', '2019-06-06 05:46:33'),
('667ee0843a5eb9ce428af6d6af6dbff49748a82fd427d295de16e08918920b865b32ca8103b9aad8', 1, 5, NULL, '[]', 0, '2018-06-07 05:09:37', '2018-06-07 05:09:37', '2019-06-07 10:39:37'),
('66ccf03ccdf397a91cfaf812bb94a6969c8356ba2a65b0bc730e2ee6e1bab1d99b440916d0cb6f78', 1, 5, NULL, '[]', 0, '2018-06-06 03:52:29', '2018-06-06 03:52:29', '2019-06-06 09:22:29'),
('66ef3cf737c5f97e7189b71dfa17ac97f5a828badce6f857866c8b49ef9c6964752f4ce38d7140c3', 1, 5, NULL, '[]', 0, '2018-06-06 07:30:03', '2018-06-06 07:30:03', '2019-06-06 13:00:03'),
('66f2c232870b1b2175e108149801f678ce3784d0913608ee161e2f1259f977a7205dbc6bd4c949a6', NULL, 3, NULL, '[]', 0, '2018-06-04 02:35:17', '2018-06-04 02:35:17', '2019-06-04 08:05:17'),
('66f77938e71c0dc9c95c1eff62992f07bbef863f7f08807cc01cc66d6f8f9eae29588da23665272b', 1, 5, NULL, '[]', 0, '2018-06-08 04:19:42', '2018-06-08 04:19:42', '2019-06-08 09:49:42'),
('67a33a878d240e1922e9b7a29dde0e48214286b5df3ad22ade278b5bd260d7fc8e075148ac1653bb', 1, 5, NULL, '[]', 0, '2018-06-07 00:51:08', '2018-06-07 00:51:08', '2019-06-07 06:21:08'),
('67c50388cf510c0b229f5dcad608f9e6a6c33e484aca05059d1395951ff2eca41faab9a3542ffca2', 1, 5, NULL, '[]', 0, '2018-06-08 04:30:38', '2018-06-08 04:30:38', '2019-06-08 10:00:38'),
('68086561623d80d97eab460775d72e4ca4b0fa605c05be7f8b490f6f90b9058269f86546846da799', 1, 5, NULL, '[]', 0, '2018-06-06 04:06:21', '2018-06-06 04:06:21', '2019-06-06 09:36:21'),
('683821cca5219fa803f64a33354303160ae552957a7f8882e2e76f702b3389646ecf1ee6073bc062', 1, 5, NULL, '[]', 0, '2018-06-06 03:54:17', '2018-06-06 03:54:17', '2019-06-06 09:24:17'),
('68ade27edd579b701c531b7c0992bd04440863e88325b9556503ac64c96c3f61c96b1c483a76dc90', 1, 5, NULL, '[]', 0, '2018-06-04 01:51:33', '2018-06-04 01:51:33', '2019-06-04 07:21:33'),
('68f9f09212e6dc4510cd14de0d197ca9a212fa00be4720a4516307964bdc95698792807678a90280', 1, 5, NULL, '[]', 0, '2018-06-08 00:20:35', '2018-06-08 00:20:35', '2019-06-08 05:50:35'),
('6960d2d6d3200d18f94a17f749d1ffacc1d3f3e372ab31cebfba4dee10b8f60055bd84619644d85e', 1, 5, NULL, '[]', 0, '2018-06-08 04:34:18', '2018-06-08 04:34:18', '2019-06-08 10:04:18'),
('69eb1ab543204ef3215fa5e92c067382725abdbff4f74c5ac559610a502d2898912f9a6d01fdf47d', 1, 5, NULL, '[]', 0, '2018-06-08 02:11:01', '2018-06-08 02:11:01', '2019-06-08 07:41:01'),
('69f8596c9a265cb72600333c3cf44045cf69b4ba6b4fe57d3fb89825bf4439ed06983a860838af56', 1, 5, NULL, '[]', 0, '2018-06-07 01:26:22', '2018-06-07 01:26:22', '2019-06-07 06:56:22'),
('6a473085092275dcfd490e874a40d915f242236a987e6da774e3f9f2fb5f701bef6b31e688f68d5c', 1, 5, NULL, '[]', 0, '2018-06-06 05:55:39', '2018-06-06 05:55:39', '2019-06-06 11:25:39'),
('6a6cd13effd5c8325b4241d22081e6a7ad55d9b7a55b3ba327ad36b6ccfec35af03350315cc50cd7', 1, 5, NULL, '[]', 0, '2018-06-06 05:54:33', '2018-06-06 05:54:33', '2019-06-06 11:24:33'),
('6a86ff393ecc09a06b916bcecc19add0540a9ce859bd063ba0a27f8f60555707d2eeb1cea765f08a', NULL, 3, NULL, '[]', 0, '2018-06-04 02:27:51', '2018-06-04 02:27:51', '2019-06-04 07:57:51'),
('6c018be071345cbfa09b826a0b41d82a6e2d2af3201d8c268abc26330c395091affe60caceaffc93', 1, 5, NULL, '[]', 0, '2018-06-08 04:37:32', '2018-06-08 04:37:32', '2019-06-08 10:07:32'),
('6c4975cac65a0090922aa4dd09adc0e47bbfc2851646bb25b46b90b76c6eaf01a2d43856edf35828', 1, 3, NULL, '[]', 1, '2018-05-28 04:44:49', '2018-05-28 04:44:49', '2019-05-28 10:14:49'),
('6cc7d61db5c3817851ede91b01e5636e53f6af6675e74fc2e00c42dafe04d1202874622c6cda9a28', 1, 5, NULL, '[]', 0, '2018-06-07 01:32:10', '2018-06-07 01:32:10', '2019-06-07 07:02:10'),
('6d630e92137dcf455bb3a2a3ada283bff11f8b2f8cdaedaca85bb6c6e4dbbcd3944803f3c36ebd42', 1, 5, NULL, '[]', 0, '2018-06-06 04:39:29', '2018-06-06 04:39:29', '2019-06-06 10:09:29'),
('6de3892ca36982ab1f9f3c190c3c5d767557e4b39d3c85e36251aab17f59a02d55e345d05589e9b6', 1, 5, NULL, '[]', 0, '2018-06-08 02:07:57', '2018-06-08 02:07:57', '2019-06-08 07:37:57'),
('6e705d8472022f82bd758a7ee3a8e7e70da8d2cdafe8aec1f1d7a9bfb5057cc822a06458b16382d6', 1, 5, NULL, '[]', 0, '2018-06-06 03:30:43', '2018-06-06 03:30:43', '2019-06-06 09:00:43'),
('6e786209b8cdb6b6af24e481c3703c0ea55782f8b929000003f88a6b5d33680e4eb98b2ffb283461', 1, 3, NULL, '[]', 1, '2018-05-27 23:48:40', '2018-05-27 23:48:40', '2019-05-28 05:18:40'),
('6e9866d4d073cf2ccbd11ba9370c17db142049c21ab2c1dcb6f9d379c2c88ddb3ba11e8b796422e6', 1, 5, NULL, '[]', 0, '2018-06-06 03:57:14', '2018-06-06 03:57:14', '2019-06-06 09:27:14'),
('6f05345f61b00348b1d8fd7f7ff3dcacbdd9fef3ace328397a58cbce4ff1d81e86ed681773b0986f', 1, 5, NULL, '[]', 0, '2018-06-06 03:00:26', '2018-06-06 03:00:26', '2019-06-06 08:30:26'),
('6f81fdcbe361b704724b5746e1e65f384bef9f14f915d5dba3c2882725f03d030bde5e1d09e64727', 1, 3, NULL, '[]', 1, '2018-05-25 06:13:27', '2018-05-25 06:13:27', '2019-05-25 11:43:27'),
('6ff791a696d1349eb7562f57c1c44adf8b7b299260e605470c7ec22976d28e107b573bd9f8661a2b', 1, 5, NULL, '[]', 0, '2018-06-06 04:17:34', '2018-06-06 04:17:34', '2019-06-06 09:47:34'),
('710c5a907d56c86e97a9c2389f94f0ed2897c116aea8fac01411f7a18fbe4209e613eb6a198b823c', 1, 3, NULL, '[]', 0, '2018-06-06 06:10:52', '2018-06-06 06:10:52', '2019-06-06 11:40:52'),
('71aa17fabf36a03d82c30be69f88017f3bfa22f1ea3649b74a1042997182c433142bf295b13d1ddc', 1, 3, NULL, '[]', 1, '2018-06-03 23:57:22', '2018-06-03 23:57:22', '2019-06-04 05:27:22'),
('7213a7a94ad5d41ff4a0fecf9025f85724125877d6c956ba48a3272731d41da5b5e2bb2ef33a9593', 1, 3, NULL, '[]', 0, '2018-06-06 08:01:26', '2018-06-06 08:01:26', '2019-06-06 13:31:26'),
('7215e4bad8c82ad71ee226023e1349cd65ec03103f13dfb56e014ccd3c4c839221c6f2905ce2a3f6', 1, 5, NULL, '[]', 0, '2018-06-06 05:35:53', '2018-06-06 05:35:53', '2019-06-06 11:05:53'),
('72d6e610c5736f61d9e06295477b63b669e5d9c289092f42d4087496f2ae2083a69c62520f58ac1e', 1, 5, NULL, '[]', 0, '2018-06-08 04:19:54', '2018-06-08 04:19:54', '2019-06-08 09:49:54'),
('7334d456addbfbd7322f735429be712384f2a5b67ad556509ad61a69aab1c575788012d15a9d54c4', 1, 5, NULL, '[]', 0, '2018-06-06 02:49:58', '2018-06-06 02:49:58', '2019-06-06 08:19:58'),
('733f0c4d82633fc0365a72238a9496d112ee4375d0f01010562f7613591f40e53f19a083e59d9563', 1, 5, NULL, '[]', 0, '2018-06-08 02:05:38', '2018-06-08 02:05:38', '2019-06-08 07:35:38'),
('73520685c2a578f056fff5fa0b6e197e71dd3d98543f818a6342ab5fe737d764b0471ef7c1355d13', NULL, 2, NULL, '[]', 0, '2018-06-04 01:22:11', '2018-06-04 01:22:11', '2019-06-04 06:52:11'),
('73681f7df7ab4009563fe3b8751dee6ebea198b587d9b8fbb978b3e9f3b2aa1d461da8bf3b1467d0', 1, 5, NULL, '[]', 0, '2018-06-08 02:10:36', '2018-06-08 02:10:36', '2019-06-08 07:40:36'),
('73d089e5ea333408eb398dc8486ebbce7c7e7c954a764f1fbf0b0357021bfaded633a93d72d564af', 1, 5, NULL, '[]', 0, '2018-06-06 02:50:05', '2018-06-06 02:50:05', '2019-06-06 08:20:05'),
('73d50dce433f496400d9016a667834cc0742247efc1e4ff84aa3e15969a600897a8d447132c785f7', 1, 5, NULL, '[]', 0, '2018-06-05 06:19:34', '2018-06-05 06:19:34', '2019-06-05 11:49:34'),
('73e9c4e3e8870aeb4ad6e2f2ccd01a21c601cac373dd0c234e86a3ccd696d307d8d280410763024b', 1, 5, NULL, '[]', 0, '2018-06-07 07:31:59', '2018-06-07 07:31:59', '2019-06-07 13:01:59'),
('751b026e0912c0a4fe6a104f840c76acf48fb9bac1c3d9b8c727957e211a0938aec3b72dece7b638', 1, 3, NULL, '[]', 1, '2018-05-28 02:51:32', '2018-05-28 02:51:32', '2019-05-28 08:21:32'),
('754516933b3f4491d625fa7edc2f96ae9d113ed8c62c5abd4aa4d2f67379d827d582f061696936a9', 1, 5, NULL, '[]', 0, '2018-06-07 07:26:29', '2018-06-07 07:26:29', '2019-06-07 12:56:29'),
('75b9793b5e02f2195280a67645661d454e0b62316b4680738bc552af39de97a2a8b61f7a8da68d25', NULL, 3, NULL, '[]', 0, '2018-06-04 00:05:49', '2018-06-04 00:05:49', '2019-06-04 05:35:49'),
('76208142e16751a9a5cda0207a016c4c56b632a3c1fd9245faf0f271d1290753cfd6a8e27df8551a', 1, 5, NULL, '[]', 0, '2018-06-04 03:22:49', '2018-06-04 03:22:49', '2019-06-04 08:52:49'),
('763aba5c0467f52b5e79821f8a1bc2d0d01dfe39a7cc28d3f0fb5ddb4f4ea6e6c85592c4e6912171', 1, 5, NULL, '[]', 0, '2018-06-07 01:32:24', '2018-06-07 01:32:24', '2019-06-07 07:02:24'),
('767bb4f7b95c90db6f850a957ee0d0c62ad1487c50ff612b959e2e071dd038b20d26b23d17b6b903', 1, 5, NULL, '[]', 0, '2018-06-06 04:07:47', '2018-06-06 04:07:47', '2019-06-06 09:37:47'),
('76ce9abcf41d81dd8f7f9eee590f83e69cb3b88a7f846355f5cdb6cb020c91fb15eeb93931273424', 1, 5, NULL, '[]', 0, '2018-06-07 01:23:52', '2018-06-07 01:23:52', '2019-06-07 06:53:52'),
('772915b5fd998032208645fc291e9be210e0d1ee4363bb331f8a1ba434d9fb0565c4cb9e1d187ae2', NULL, 3, NULL, '[]', 0, '2018-06-04 00:02:52', '2018-06-04 00:02:52', '2019-06-04 05:32:52'),
('77e5cdb9028fb816bbbf9e9ea60115115901b47d681debe9c3726375cc7f0010d3d0616ebdad2f10', 1, 5, NULL, '[]', 0, '2018-06-08 05:07:40', '2018-06-08 05:07:40', '2019-06-08 10:37:40'),
('782f50008803e62448799d8396a64980ac0b5ea6b51fc77bd15de01c835402c7203a844e432388eb', 1, 5, NULL, '[]', 0, '2018-06-06 03:56:08', '2018-06-06 03:56:08', '2019-06-06 09:26:08'),
('78e39aff5aa70632d76bd7205453369b3aa7f9865df80751b73553fc921df6495673ad84a3bbe4e4', 1, 5, NULL, '[]', 0, '2018-06-05 23:58:20', '2018-06-05 23:58:20', '2019-06-06 05:28:20'),
('7912acbaac51ff12a1a87db0be08ed0e971f6311de02078c5ebfac21578b9473d8d5cdb6c7d2cf2f', NULL, 3, NULL, '[]', 0, '2018-06-04 00:18:22', '2018-06-04 00:18:22', '2019-06-04 05:48:22'),
('7946e86557bac5922d35544b6548cf70552024920c5c5bd08d0602c9fe1777018674e386305540e4', 1, 5, NULL, '[]', 0, '2018-06-06 07:30:21', '2018-06-06 07:30:21', '2019-06-06 13:00:21'),
('79abba9bdf1d683ca411e2011259abc351f1145c96802ae55d262cd8966b87218fb84288560667fc', 1, 5, NULL, '[]', 0, '2018-06-08 04:03:25', '2018-06-08 04:03:25', '2019-06-08 09:33:25'),
('7a4aaf5927b152293680ded69c341e139ccb504f3864989ce2385a96a4d2c2a44a9bf5f3cfba47ea', 1, 3, NULL, '[]', 1, '2018-06-05 00:04:23', '2018-06-05 00:04:23', '2019-06-05 05:34:23'),
('7a8212d253b52efddd40572de7a5167773ca4348cca31ebb88cc5e58b0b87bc009715bab285234f3', 1, 5, NULL, '[]', 0, '2018-06-06 02:59:37', '2018-06-06 02:59:37', '2019-06-06 08:29:37'),
('7aa4144a93474ce48d6022194f8b7edc9d703a072099b06388b64aab0752bb86b8ceebe32f8fcd3d', 1, 5, NULL, '[]', 0, '2018-06-05 23:54:52', '2018-06-05 23:54:52', '2019-06-06 05:24:52'),
('7b142404cb2e9b66b30311c7acb0b58813679c39754e82cca727b90d73895d35500ec3edd105fb49', 1, 5, NULL, '[]', 0, '2018-06-07 01:02:01', '2018-06-07 01:02:01', '2019-06-07 06:32:01'),
('7b5b5bbcc4ede1020b0ce9a522b3855617cec20251fe4512374233e213ef58fa25ef786b0a1b5169', 1, 5, NULL, '[]', 0, '2018-06-07 00:52:10', '2018-06-07 00:52:10', '2019-06-07 06:22:10'),
('7b9ba5db65b826a065bbdb673b1d65a750ccf5f0efd6b1a0a561cb5a75a1c114b4b32628e80e0b59', 1, 5, NULL, '[]', 0, '2018-06-06 03:48:00', '2018-06-06 03:48:00', '2019-06-06 09:18:00'),
('7ba046bb9410f16db2c8a99e7479f049a36db66c90ec12ccf06a310b836686f89b0cc506c381f620', NULL, 3, NULL, '[]', 0, '2018-06-05 00:01:26', '2018-06-05 00:01:26', '2019-06-05 05:31:26'),
('7c1e002347cfc1b6874210faec1436826013644b3986640bdff355190624c6ebf63dceb53767af5a', 1, 5, NULL, '[]', 0, '2018-06-08 01:38:43', '2018-06-08 01:38:43', '2019-06-08 07:08:43'),
('7c3aa3ac8f6edaa3e2e5ff7a96e7e478232b5dd591fcaa59262b4abd1ef343aae7f2348e9e025c6b', 1, 5, NULL, '[]', 0, '2018-06-08 02:04:00', '2018-06-08 02:04:00', '2019-06-08 07:34:00'),
('7d179c7359483313068577157957ebc4663913a0c1719afb82b629a3002d4bd84da86ba3dc599653', 1, 5, NULL, '[]', 0, '2018-06-07 06:03:46', '2018-06-07 06:03:46', '2019-06-07 11:33:46'),
('7d6c9befc66143896637a0ef4c79c23e42767c565e2aaa8886b118ec12b1167ace456a2890ff7ba6', 1, 6, NULL, '[]', 1, '2018-06-05 00:45:39', '2018-06-05 00:45:39', '2019-06-05 06:15:39'),
('7d7c184d7c28e9b3615f320e4b2d4b5a437143b5885706f30151d73b4ee7f9468d60c22d784cea87', 1, 5, NULL, '[]', 0, '2018-06-08 04:20:11', '2018-06-08 04:20:11', '2019-06-08 09:50:11'),
('7f17cc6f3391a57c2334750812f18e5dd8dcfce44c20136da55eb8e658ee0a518fe0acaebde8803b', 1, 5, NULL, '[]', 0, '2018-06-08 00:35:59', '2018-06-08 00:35:59', '2019-06-08 06:05:59'),
('7f39327b9dbd323e61c3533aa5bb5fa2c0360af36f0664a05cafba580a66465360c8b452005660ec', 1, 5, NULL, '[]', 0, '2018-06-07 07:33:43', '2018-06-07 07:33:43', '2019-06-07 13:03:43'),
('7ffe63512175c0d6c3b6534310bcd7bdbfea035a6d22a25c6243a5f8cb0a8e5d1f6a4c83cb725898', 1, 5, NULL, '[]', 0, '2018-06-06 03:23:58', '2018-06-06 03:23:58', '2019-06-06 08:53:58'),
('8027523729d499f6e512ba722ac40b589af4449ac12eb21e891dd4f9466196339a7ba2ba4a58cd5f', 1, 5, NULL, '[]', 0, '2018-06-07 04:32:17', '2018-06-07 04:32:17', '2019-06-07 10:02:17'),
('802d736ced8280d35e9f0397d56d8f4d7ddec0551c4fdc755af819738b143da866ebcf3f269932b9', 1, 5, NULL, '[]', 0, '2018-06-05 06:19:46', '2018-06-05 06:19:46', '2019-06-05 11:49:46'),
('806f7f868230eb435384c527206d36891759c7d503cc5d13c53dc74a442a1bfa324a8108d3e09cf9', 1, 3, NULL, '[]', 1, '2018-05-28 05:01:47', '2018-05-28 05:01:47', '2019-05-28 10:31:47'),
('807f4538e68492260d869503017079ff070734720e6deeb962815d71830e05e09774ecb0c052eb1d', 1, 6, NULL, '[]', 1, '2018-06-05 00:42:03', '2018-06-05 00:42:03', '2019-06-05 06:12:03'),
('80b718964bb8d05818ce58f53e99185edf828bf1d8ee9494a56e02a02f77d1271695ae0d38b8c160', 1, 5, NULL, '[]', 0, '2018-06-06 01:57:25', '2018-06-06 01:57:25', '2019-06-06 07:27:25'),
('8151c22c6f824f9735d592ce87678d0df4115dcc6a21af84ae8574edbe7e05eeafb0d1693f204370', 1, 5, NULL, '[]', 0, '2018-06-07 05:20:09', '2018-06-07 05:20:09', '2019-06-07 10:50:09'),
('81babd78a72f4af9332b1f09f4b6e4166cd2a347366c9f262c6fdbd6e69f0985d6d0141886a3e283', 1, 5, NULL, '[]', 0, '2018-06-08 02:07:30', '2018-06-08 02:07:30', '2019-06-08 07:37:30'),
('81cc6926ec42eba01d37ce2f9852dfb8a293c0d922cc409065c15f3579ac3c83ad6498f13f7cf03b', 1, 5, NULL, '[]', 0, '2018-06-08 00:36:00', '2018-06-08 00:36:00', '2019-06-08 06:06:00'),
('8216d9388942268734ab2716c1628431e319599a0ec1df093381b514ca412ab6a3b42b2d93cf98ae', 1, 5, NULL, '[]', 0, '2018-06-06 07:29:55', '2018-06-06 07:29:55', '2019-06-06 12:59:55'),
('82c41f110d70842a959402401f3ae6ae2446d50fae5e6fcf7d28412e15bf88192629b4b30a768bd8', NULL, 3, NULL, '[]', 0, '2018-06-04 00:15:10', '2018-06-04 00:15:10', '2019-06-04 05:45:10'),
('838af2724bdb38575e36b125aa937b3749eb1cc9a92991fcfad39e3b48160a48b48de5c2801f216a', 1, 5, NULL, '[]', 0, '2018-06-06 02:55:53', '2018-06-06 02:55:53', '2019-06-06 08:25:53'),
('840251fe00c4d185bc62b6353345aaeadce169766c3e737ef94964a08c416e908f0616a5d93074ac', 1, 5, NULL, '[]', 0, '2018-06-07 08:19:37', '2018-06-07 08:19:37', '2019-06-07 13:49:37'),
('84bd9d16657e1e1dda65106d9ec10c2ecc97976fb7cef6978560769e85605c42f1045f5e9cbf63e4', 1, 5, NULL, '[]', 0, '2018-06-06 02:49:37', '2018-06-06 02:49:37', '2019-06-06 08:19:37'),
('85f11466adab48763efb131a2045005394a989bc87c149f858393e26801d0717d71ebd3ab07e2668', 1, 5, NULL, '[]', 0, '2018-06-08 05:04:14', '2018-06-08 05:04:14', '2019-06-08 10:34:14'),
('8667a0315398f4b421cc3998b69c3c320e13187f2f53c3b34ff71a9f83772441dae68c51367180a3', 1, 5, NULL, '[]', 0, '2018-06-08 02:08:06', '2018-06-08 02:08:06', '2019-06-08 07:38:06'),
('86776665de091ae001c3d10a80762cb3111d63df6fe5210290b26241cfe405ee7130046d54a64b42', 1, 5, NULL, '[]', 0, '2018-06-06 04:17:42', '2018-06-06 04:17:42', '2019-06-06 09:47:42'),
('8705ccc453d43104f47c3f05ca9407f9e106cfbe95194a6ccfac92c47f3f1ea7bd44cc558e8239e2', 1, 5, NULL, '[]', 0, '2018-06-06 05:55:53', '2018-06-06 05:55:53', '2019-06-06 11:25:53'),
('8710233d9a99fcb0e854234d92a90afeeb46309a850e87ac938a1c8c852c73a7d655f81493493226', 1, 5, NULL, '[]', 0, '2018-06-07 07:27:13', '2018-06-07 07:27:13', '2019-06-07 12:57:13'),
('873deb9fc84cd78bc947ab2bdaaa4a3e43487f62b0494bb79602b2264fb77b149100fdec2f7f62a4', 1, 5, NULL, '[]', 0, '2018-06-06 03:59:22', '2018-06-06 03:59:22', '2019-06-06 09:29:22'),
('876c79f5a5015eb1e35e1da64d81375ec070134e430829ad05ca584f34e26d82f995ed1cf685cf32', 1, 5, NULL, '[]', 0, '2018-06-07 00:51:36', '2018-06-07 00:51:36', '2019-06-07 06:21:36'),
('87f4ae19173af4e40f8eb3aa272fab16272ac5a59719c6aa134cb45185fa30243b7a4f6461a9d4f3', 1, 6, NULL, '[]', 1, '2018-06-05 01:12:19', '2018-06-05 01:12:19', '2019-06-05 06:42:19'),
('886238f48d9c3886d18963f5b612c7967ba076680b87e746409fe0e577b712a2efd4915743f84553', 1, 5, NULL, '[]', 0, '2018-06-07 07:40:32', '2018-06-07 07:40:32', '2019-06-07 13:10:32'),
('88aa2159cbf2f7c047ea3bc26c9c7a4d2017764d861a0d94de82e5be033b448aff3b9282b8fd776d', NULL, 3, NULL, '[]', 0, '2018-06-04 00:02:26', '2018-06-04 00:02:26', '2019-06-04 05:32:26'),
('89b5c044a3d23f99288bfb5d3666ab023fa99d25e828f96b2ee2817efc377634ddd4c6692f09f8a6', NULL, 3, NULL, '[]', 0, '2018-06-04 03:22:44', '2018-06-04 03:22:44', '2019-06-04 08:52:44'),
('89bdc8161b629987fe8bda60cd14ee731ba9ff52823848715ea12da3e8ff7a717e04fdb351b806d4', NULL, 3, NULL, '[]', 0, '2018-06-06 05:58:11', '2018-06-06 05:58:11', '2019-06-06 11:28:11'),
('89cba0ec8b53c2b7d5d246199b92588d494f3e9b44e339661b92066cd8bb295955af4e342a6ce52b', 1, 5, NULL, '[]', 0, '2018-06-06 04:58:12', '2018-06-06 04:58:12', '2019-06-06 10:28:12'),
('8a5cff8986fada73e4e4fb72156c436ebc14ea6f1fd6715e865e057b67ad97d34821fe4c5c4b96ed', 1, 5, NULL, '[]', 0, '2018-06-06 05:15:06', '2018-06-06 05:15:06', '2019-06-06 10:45:06'),
('8bffa7024eb7d6079ef32dbd10fdb6dc4b240ddd8aa894beeea56cf308a69665610b2a2c9f8559b9', NULL, 3, NULL, '[]', 0, '2018-06-04 00:21:05', '2018-06-04 00:21:05', '2019-06-04 05:51:05'),
('8c5a3110f06e3173c7f19f12e8defd24f3b727e8a269bc0eb468c76f5ba8b256a21d903a6d08a5ff', 1, 5, NULL, '[]', 0, '2018-06-07 07:30:59', '2018-06-07 07:30:59', '2019-06-07 13:00:59'),
('8d618801e721a77cac447327792e93f4b905de0bd0119ab10ed1a2977b26dec19bb57132aace90c5', 1, 3, NULL, '[]', 1, '2018-05-25 06:29:48', '2018-05-25 06:29:48', '2019-05-25 11:59:48'),
('8d8733620fb6adedf1c9be415ba6c4db7d002dc5a556c888d614a7e7df4e4d0078389f2af11ea905', 1, 5, NULL, '[]', 0, '2018-06-06 03:49:16', '2018-06-06 03:49:16', '2019-06-06 09:19:16'),
('8dc04ee17b7d2f6ea598110aeb19bd9a77cf9fe1e887af032e9d76575f3413e31ea0804c7b31fa15', 1, 5, NULL, '[]', 0, '2018-06-06 02:05:36', '2018-06-06 02:05:36', '2019-06-06 07:35:36'),
('8e2d14b72ac9aa674110f84f25b3e7d63267f4d526ffd1d64c2041d9b863d5b405459ddf43179fc5', 1, 6, NULL, '[]', 1, '2018-06-05 00:47:22', '2018-06-05 00:47:22', '2019-06-05 06:17:22'),
('8ee931e90624a44ff5dce104f558df084c662574fba38124864f3efdc7d8460605ebf7061dceab5e', 1, 5, NULL, '[]', 0, '2018-06-08 03:49:01', '2018-06-08 03:49:01', '2019-06-08 09:19:01'),
('8f08faf1a99aa6eb252a14b76b8d11bd7f5628d2cccdb327965ec19362e867682716cee1bbe8ce03', NULL, 3, NULL, '[]', 0, '2018-06-04 00:11:42', '2018-06-04 00:11:42', '2019-06-04 05:41:42'),
('8f15fa64164a6c6b0dbf866c20df1660c3ad050d6daf26cfc2682709988c56d035c198e87f8a5980', 1, 5, NULL, '[]', 0, '2018-06-06 06:26:58', '2018-06-06 06:26:58', '2019-06-06 11:56:58'),
('9015fef5b35949d20c6e356a8325f02144e6b3650b923c0a9c643fc8a1fb50b273a15d33539366ef', 1, 5, NULL, '[]', 0, '2018-06-06 03:47:45', '2018-06-06 03:47:45', '2019-06-06 09:17:45'),
('9042f1b19906d37425ec75da9647b424f2357394c8b55eceae3ab30d8c46b276b9030556a241e3cd', 1, 5, NULL, '[]', 0, '2018-06-06 05:15:00', '2018-06-06 05:15:00', '2019-06-06 10:45:00'),
('90d7c65c42c1c063dbf08ab9bf788db79afeacae886c8be1faa11d866948d85695d18177ec034394', 1, 5, NULL, '[]', 0, '2018-06-06 03:40:22', '2018-06-06 03:40:22', '2019-06-06 09:10:22'),
('90e51087e9142ef99dc0ed724aea7bf065d369c9324a7599d27c4c6c76e417849fca873edbe0c927', 1, 5, NULL, '[]', 0, '2018-06-07 07:33:44', '2018-06-07 07:33:44', '2019-06-07 13:03:44'),
('9165fc64460d5c3df5ba84c5865e5f35e33ce117d55bb5d0a64a8f3ea2f0e24465bb803be490f6ab', 1, 5, NULL, '[]', 0, '2018-06-06 04:41:44', '2018-06-06 04:41:44', '2019-06-06 10:11:44'),
('9173604a1aad79c2748bbb67e57a582405c25f15ac3139352ab0add284da77044155b52ecfdf607d', 1, 5, NULL, '[]', 0, '2018-06-08 06:05:15', '2018-06-08 06:05:15', '2019-06-08 11:35:15'),
('922db968a68254adae6031fdc224f72ee4bd85fdccd2e25729c58375d29dd8ea0ee7d077c159b767', 1, 5, NULL, '[]', 0, '2018-06-06 03:24:18', '2018-06-06 03:24:18', '2019-06-06 08:54:18'),
('924e8b7f087f694c8f0f9d986e7809ec0bc8527e7e3e6bcf5244d56d93a1399a249d43ad96f5cc96', 1, 5, NULL, '[]', 0, '2018-06-06 04:16:41', '2018-06-06 04:16:41', '2019-06-06 09:46:41'),
('925c29bcbfde80be060a173cc807085acb0112fd20ce056b87de656a34d24b08d48980afef30a69c', 1, 5, NULL, '[]', 0, '2018-06-06 04:30:58', '2018-06-06 04:30:58', '2019-06-06 10:00:58'),
('9324767cee5a034b4844b2c4ead3661681b40f4e3813efd8334f6b7c8438b9e9fa16e2cc73650d55', 1, 5, NULL, '[]', 0, '2018-06-08 04:57:29', '2018-06-08 04:57:29', '2019-06-08 10:27:29'),
('933f3e36a07bb9132cf2f1234f8dc556d28093d9056269502d0cefc5b75c41b58222a2fb80bcc468', 1, 5, NULL, '[]', 0, '2018-06-07 01:33:08', '2018-06-07 01:33:08', '2019-06-07 07:03:08'),
('939a1fcf7e29cf43fb001659b6bc8e16378a1911085216e5ed45a67c01805f46019952b3f2b18721', 1, 5, NULL, '[]', 0, '2018-06-07 06:45:01', '2018-06-07 06:45:01', '2019-06-07 12:15:01'),
('94bcc3ef784e202524106cfdd7f40c3a4bd04ae871fe7748af226fbc0540e0ba42a5870bb47687db', 1, 5, NULL, '[]', 0, '2018-06-05 00:00:21', '2018-06-05 00:00:21', '2019-06-05 05:30:21'),
('94c25ce6f44adabf70b325cb0ce62741921250e942c3163c43696b41fd91eef29b18d621befba950', 1, 5, NULL, '[]', 0, '2018-06-07 07:24:02', '2018-06-07 07:24:02', '2019-06-07 12:54:02'),
('9555bf8e226b8971969baf8b0a4f01455e740f841353230a9c2563a12b4d9e24c36ea030f0f946f9', NULL, 3, NULL, '[]', 0, '2018-06-04 00:15:45', '2018-06-04 00:15:45', '2019-06-04 05:45:45'),
('95d32871d6e74a3c5c69d538e9f66e76f4ee4326861811bea2d9f59e4191cd2a129570cbe7cb01c5', 1, 5, NULL, '[]', 0, '2018-06-07 07:23:45', '2018-06-07 07:23:45', '2019-06-07 12:53:45'),
('9666f4513bfdffa193ee57f3a61142f5846f45934bf97aef3bc61ae13a51beb6dc4bafe71e225b23', 1, 5, NULL, '[]', 0, '2018-06-07 05:10:00', '2018-06-07 05:10:00', '2019-06-07 10:40:00'),
('968c15a9603f4c5068182ad2cd32a1da06f2f4f71922fab46f8dd0770f9202f55a461dfc1df5af03', NULL, 3, NULL, '[]', 0, '2018-06-04 02:24:48', '2018-06-04 02:24:48', '2019-06-04 07:54:48'),
('9692a4c024a41d4efc27af7df2ebce2534300b3b117aabf066293d621866e13ffc4b978296a1da4b', NULL, 3, NULL, '[]', 0, '2018-06-04 01:04:21', '2018-06-04 01:04:21', '2019-06-04 06:34:21'),
('96b0189965d1ff4144786d80991fd41a080da8846e2f24d1c9ade8da7d30f87bf73dfd56ecde3db5', 1, 5, NULL, '[]', 0, '2018-06-06 03:29:18', '2018-06-06 03:29:18', '2019-06-06 08:59:18'),
('96b2d2e9f4f31482b1e444ab9e8942e8314c897344bfca05fd2abe761e002d50cc78cea7b4832aa1', 1, 5, NULL, '[]', 0, '2018-06-06 07:30:10', '2018-06-06 07:30:10', '2019-06-06 13:00:10'),
('9760ce1f5d1d3779a660e7e492b790cec7ac32e55bd799184c5f71aba6b56a01983d1d76e1388b21', 1, 5, NULL, '[]', 0, '2018-06-07 01:32:11', '2018-06-07 01:32:11', '2019-06-07 07:02:11'),
('983d5ddd4a3728073464e4cca9d745c2690973a37fe455be9d49f58096d1b1cfa819524d0fb08fda', 1, 5, NULL, '[]', 0, '2018-06-08 02:07:59', '2018-06-08 02:07:59', '2019-06-08 07:37:59'),
('98992063fb439e5252273b1f89d65cef052b5d5ee44757a24dfed348c44e15558df2476753e57612', 1, 5, NULL, '[]', 0, '2018-06-06 01:34:39', '2018-06-06 01:34:39', '2019-06-06 07:04:39'),
('99a7f67295bcf5f12f7de25dae26d15c1d817b8e918dfbd024c7e4a171df738d142143ef979edac0', NULL, 5, NULL, '[]', 0, '2018-06-04 01:50:17', '2018-06-04 01:50:17', '2019-06-04 07:20:17'),
('99ef2d4dd35be56ff56c3c3a041eff40bcf92624003765795a4822f17a06a59b09ca3d9a70080e07', 1, 5, NULL, '[]', 0, '2018-06-07 01:23:53', '2018-06-07 01:23:53', '2019-06-07 06:53:53'),
('9a25a11b75327df6a67d12c35291d5449391c7fe95060b6ff188fa464b3a1787583bfc1e8521d7a0', 1, 5, NULL, '[]', 0, '2018-06-06 03:22:03', '2018-06-06 03:22:03', '2019-06-06 08:52:03'),
('9bd5252b7b891e0ee77d9d9f818fbb02368f1bbab8a973b52f6b42e7e43e37179eb658b832ff402d', NULL, 3, NULL, '[]', 0, '2018-06-04 00:42:57', '2018-06-04 00:42:57', '2019-06-04 06:12:57'),
('9c93b7ddd279f4164690dcd74f3a1938950dea46d279f25d6068b67062d13fc934b2e59883d09602', NULL, 3, NULL, '[]', 0, '2018-06-04 03:11:06', '2018-06-04 03:11:06', '2019-06-04 08:41:06'),
('9ca2e683d39fed35c61734060ea3f80fd33dfc9656cc2e13edbae3a6cbf8da6749a96c3d9eb12b2e', 1, 5, NULL, '[]', 0, '2018-06-08 05:09:19', '2018-06-08 05:09:19', '2019-06-08 10:39:19'),
('9cb48c60ae3be15a5e21d60287ab9e0d4598b67430e700f1a90bf8a9540c22352e4dd9d15dd6c310', NULL, 3, NULL, '[]', 0, '2018-06-04 00:36:49', '2018-06-04 00:36:49', '2019-06-04 06:06:49'),
('9cf6ed143b3217deb3e3c2a7dccc67b1b5f6fd0ac8ac897ee0dc6cfc6cfd8b3d2d5aeb91a2c880a4', 1, 3, NULL, '[]', 0, '2018-06-06 23:47:37', '2018-06-06 23:47:37', '2019-06-07 05:17:37'),
('9cfa0582952f854b55e49c00815df9ef66a2621b92e51494c11b1e91170cea28c8d903bb9fa67dce', NULL, 3, NULL, '[]', 0, '2018-06-04 00:06:27', '2018-06-04 00:06:27', '2019-06-04 05:36:27'),
('9d50cba52ddc78934a7503af316a24bc51f581611152e83a17d30724ea6c07c28359486d62bed795', 1, 5, NULL, '[]', 0, '2018-06-06 05:35:38', '2018-06-06 05:35:38', '2019-06-06 11:05:38'),
('9d64fac7efc41dc99932de6c7afe3dc63fb00b15d73076c7c6a7f273da2dc94497c645f8a3eb0953', NULL, 3, NULL, '[]', 0, '2018-06-04 00:22:06', '2018-06-04 00:22:06', '2019-06-04 05:52:06'),
('9d96986cc849581be20f276ac4bcb92e3c75debd0ec4f4c421a1dabb692f08016fd6e58a46c67af7', 1, 5, NULL, '[]', 0, '2018-06-07 05:20:16', '2018-06-07 05:20:16', '2019-06-07 10:50:16'),
('9de6d30f8a68338d872740239f6ebc8b54e009dddea49c26e07e89a98d4718b53605d0a19b6b5174', 1, 5, NULL, '[]', 0, '2018-06-08 01:40:33', '2018-06-08 01:40:33', '2019-06-08 07:10:33'),
('9e9097ee4f6850485480a9212b991e9ea970a20d708c3701b0f0f29cfb3e261c0415751c22ad5394', 1, 5, NULL, '[]', 0, '2018-06-08 03:49:53', '2018-06-08 03:49:53', '2019-06-08 09:19:53'),
('9f2530fb73cc369102930c95d2acdf6eca7660bbdba2f573e51fd351f3490b3929753d7ce82a075a', 1, 5, NULL, '[]', 0, '2018-06-06 03:51:45', '2018-06-06 03:51:45', '2019-06-06 09:21:45'),
('9f7215b22666c1a1cc9ea2ff4ffefe0535092ba912863fbad0a90047e24ea9c67c97942178be2c8b', 1, 5, NULL, '[]', 0, '2018-06-04 02:02:00', '2018-06-04 02:02:00', '2019-06-04 07:32:00'),
('9f8f3ee557560a9675028a4ffbb3b5e001b60e89913d76ce4911f243ec5bfbc2159613b2711d878e', 1, 5, NULL, '[]', 0, '2018-06-06 07:29:54', '2018-06-06 07:29:54', '2019-06-06 12:59:54'),
('a05b3dde4b4670ec7843044d6545aba98ca9f266f7aa567182cc33d4a9422c239215c0c88c97dd3e', 1, 5, NULL, '[]', 0, '2018-06-05 06:19:25', '2018-06-05 06:19:25', '2019-06-05 11:49:25'),
('a10be91cee7857a38ba7563bca0cbc377d5c8d25996ee2fbbb111d4d7b0bdb138d9b5f17fcbc6598', 1, 5, NULL, '[]', 0, '2018-06-07 08:21:44', '2018-06-07 08:21:44', '2019-06-07 13:51:44'),
('a1769d307d7776224b480de6291ac027d8ea2ebfef74f2a2e03d1e5eac86f2338bda7f4b4b177bc6', 1, 5, NULL, '[]', 0, '2018-06-06 04:42:43', '2018-06-06 04:42:43', '2019-06-06 10:12:43'),
('a20dde091f61a63d99bb28326bf886be00853b063125d0dbbdf16bb08971beee6cec02b9309f4921', 1, 5, NULL, '[]', 0, '2018-06-07 00:51:16', '2018-06-07 00:51:16', '2019-06-07 06:21:16'),
('a24728a3ba18cf4ec93059628b109206cf4bf7eaeeb4016e0d37034af92cc78f2d97b57e482c118a', 1, 3, NULL, '[]', 1, '2018-05-28 02:59:33', '2018-05-28 02:59:33', '2019-05-28 08:29:33'),
('a29613e2ba0a7f860492f76b4cf1398161845bf9f2d4e1ddafaaa89ce7deff00152fe62869c3a3d6', 1, 5, NULL, '[]', 0, '2018-06-06 02:33:13', '2018-06-06 02:33:13', '2019-06-06 08:03:13'),
('a29a692dfea789eeb0b617c645c32eb9375a2291d975cc6bce780e964affa0daafc42c311999d6bc', 1, 5, NULL, '[]', 0, '2018-06-08 01:38:42', '2018-06-08 01:38:42', '2019-06-08 07:08:42'),
('a2c9d567e4c98e00d313f60e61b78b38dcdb765fcbd65a6a6124508d986fc4f5b9c591e787adbf4c', 1, 5, NULL, '[]', 0, '2018-06-07 07:25:32', '2018-06-07 07:25:32', '2019-06-07 12:55:32'),
('a332781f9f56b9fbe8c983930cc6f5a4727de990a086611c08bbb249878f8881adc661a4c9f660fb', 1, 5, NULL, '[]', 0, '2018-06-06 04:30:57', '2018-06-06 04:30:57', '2019-06-06 10:00:57'),
('a3dbdef9b336d2c6690ced8c674b3540613da6931718696f80c2972a8e93dac0c547454ea7bb2fae', 1, 5, NULL, '[]', 0, '2018-06-06 04:16:04', '2018-06-06 04:16:04', '2019-06-06 09:46:04'),
('a43fca8bca7e248ae0d27b110f64593bbd53fcb99586c98466e0254c3c6c4baedf494109e7619087', 1, 5, NULL, '[]', 0, '2018-06-07 01:23:27', '2018-06-07 01:23:27', '2019-06-07 06:53:27'),
('a4d3c33f3ee76c3f8bd4e7919e27ff8abcd14e2ed3422bb3306c69dc19ee208853907e15fb83298a', 1, 5, NULL, '[]', 0, '2018-06-08 06:00:36', '2018-06-08 06:00:36', '2019-06-08 11:30:36'),
('a51019f3b9a8e23c0061e6dbd23aaeece25d6c647aac3fb1711c4fa92307abbe69bd6fd52e265186', 1, 5, NULL, '[]', 0, '2018-06-05 06:18:29', '2018-06-05 06:18:29', '2019-06-05 11:48:29'),
('a627be7bbd888be2deaeaaab920085b4a8d665a766e760b79be6fa17204506b3077b187ee094dc92', 1, 5, NULL, '[]', 0, '2018-06-06 01:31:44', '2018-06-06 01:31:44', '2019-06-06 07:01:44'),
('a651b89a08d33b804573aba4873f540a42a7d04ebe48feaba1ef01ec8cfea87be38e58f7aad3ada2', 1, 5, NULL, '[]', 0, '2018-06-08 03:49:11', '2018-06-08 03:49:11', '2019-06-08 09:19:11'),
('a6b11acbcc7fdba23801c0f4ab3164b3db3391c12a4325423017bc48afa1a3c73a237b8c2cc96459', 1, 5, NULL, '[]', 0, '2018-06-06 04:30:50', '2018-06-06 04:30:50', '2019-06-06 10:00:50'),
('a74e42ccb2382abab3e8c47049d28a67023a4779b01ec7abdafe5d13a0c3ac6025ac460d29275d82', 1, 5, NULL, '[]', 0, '2018-06-06 02:06:34', '2018-06-06 02:06:34', '2019-06-06 07:36:34'),
('a7e9ff25b23832f9c508a1604947cd243ac972eeb345267496c29a81edcd833048469d55a28ed4b4', 1, 5, NULL, '[]', 0, '2018-06-06 05:12:17', '2018-06-06 05:12:17', '2019-06-06 10:42:17'),
('a820cacb221c1d0834a839d1e29f4dd83b9f11a60682f6474d824e82630ef7688a12c205e5ccaca9', 1, 3, NULL, '[]', 1, '2018-05-27 23:46:04', '2018-05-27 23:46:04', '2019-05-28 05:16:04'),
('a82641bd8de5f37ebcfb9ab55d0f596e03f37e04c82f1ede8ab73b7b4db3f02005b071fb4c21f432', 1, 5, NULL, '[]', 0, '2018-06-06 03:27:54', '2018-06-06 03:27:54', '2019-06-06 08:57:54'),
('a84042037edd0e11ca6f5fd6c795b2d940cc97df6d87c9eda2bf5fbd3220c546181822e57c7cde16', 1, 5, NULL, '[]', 0, '2018-06-07 01:35:51', '2018-06-07 01:35:51', '2019-06-07 07:05:51'),
('aa1dcb9e98943b0aa3edba3dbe7ee0846a33fb9859ed0bab796cc572612831090f3b23c407109ab5', NULL, 3, NULL, '[]', 0, '2018-06-04 00:15:29', '2018-06-04 00:15:29', '2019-06-04 05:45:29'),
('aa6096b4da77076ceb2afc9cb756ee7af6bf589f3ed6d2147264eb2048c0d60dad5e831ade184561', 1, 5, NULL, '[]', 0, '2018-06-05 05:41:41', '2018-06-05 05:41:41', '2019-06-05 11:11:41'),
('aa67e7540c8536f88c656241eda001490b26cb9f2e3312ab129e1005a8274f27ae416d6918c786f9', 1, 5, NULL, '[]', 0, '2018-06-05 06:19:40', '2018-06-05 06:19:40', '2019-06-05 11:49:40'),
('aade1659510dda12c9809774fc63061ec974f53843316ab033ad53de012cc61e0b8e0bc00496c979', 1, 6, NULL, '[]', 1, '2018-06-05 00:41:17', '2018-06-05 00:41:17', '2019-06-05 06:11:17'),
('abacb978bee51712754ae37d12d7f9925261d886ebd338d3362746a8adc362530eed9eb0376fd5d4', 1, 3, NULL, '[]', 1, '2018-05-27 23:42:47', '2018-05-27 23:42:47', '2019-05-28 05:12:47'),
('aca83f982f74a4ecb573cfdab2bb709624cf3d974ba9e0d4b2cb0bc5681f941a37b5ae838b7c7367', 1, 5, NULL, '[]', 0, '2018-06-06 03:59:10', '2018-06-06 03:59:10', '2019-06-06 09:29:10'),
('ad0854c383972312bf2ed1c3d9a9646fce10277564bdf5ac7d2a4486ea74d57896b19b6af10f9492', 1, 5, NULL, '[]', 0, '2018-06-06 02:41:27', '2018-06-06 02:41:27', '2019-06-06 08:11:27'),
('ad781ac2826f32c1379e277fc4a5f0b70695c2a1c1607e9bc4a017f9a909d19a65e6300b7cca94b0', 1, 5, NULL, '[]', 0, '2018-06-08 00:08:47', '2018-06-08 00:08:47', '2019-06-08 05:38:47'),
('ae234f53b90443197ab84fcf29bdf5bad689a261683cf2753842a218f1b43934952e065f892389a0', 1, 5, NULL, '[]', 0, '2018-06-06 03:23:15', '2018-06-06 03:23:15', '2019-06-06 08:53:15'),
('ae8b1a3095ed34d82caa37ac60ccd9edeb76170eb9b3c9dbebdcc85c4f8c4c79f81a911fba6f2692', 1, 5, NULL, '[]', 0, '2018-06-08 03:49:54', '2018-06-08 03:49:54', '2019-06-08 09:19:54'),
('aedca8c3e2b5e10ffa069f77b69c8da35f4ba45d0aa3801758c6d75d59333993db9d671b9195d431', 1, 5, NULL, '[]', 0, '2018-06-07 01:03:59', '2018-06-07 01:03:59', '2019-06-07 06:33:59'),
('af7563d3f928792e2f58fe208bd304cf921ce7b9ae58cffee59eb1a5f792b8610aa8d1f854dbd123', 1, 5, NULL, '[]', 0, '2018-06-06 06:10:29', '2018-06-06 06:10:29', '2019-06-06 11:40:29'),
('b0214c7fa0838b332ab3662e35d21a760c090f1dfde901e1ba491d7ea5cb5ba5d01630598f04f81b', 1, 5, NULL, '[]', 0, '2018-06-08 04:07:09', '2018-06-08 04:07:09', '2019-06-08 09:37:09'),
('b0665748c86dc1f895318580f0246165f046e0f10688c79859047c57a93d200283e0c06c8726f862', 1, 5, NULL, '[]', 0, '2018-06-07 01:33:07', '2018-06-07 01:33:07', '2019-06-07 07:03:07'),
('b0b64a446e0bbb7b43c180067c6f8d27c331a4cc63ec2e8477bb089d09352d71db59e2d322e974dc', 1, 5, NULL, '[]', 0, '2018-06-04 01:53:43', '2018-06-04 01:53:43', '2019-06-04 07:23:43'),
('b0fdae82ec1956b5eed033221bb0b4324e5bde02c72e547b2d2145a2bfd394ec3eb59571382e0d9f', 1, 5, NULL, '[]', 0, '2018-06-07 07:23:55', '2018-06-07 07:23:55', '2019-06-07 12:53:55'),
('b14cbd24662a6c4a2083e2e5f0d7f46e8b413e30e073ec1d06078efc4de588e0b91f7615250f2b03', 1, 5, NULL, '[]', 0, '2018-06-07 04:27:40', '2018-06-07 04:27:40', '2019-06-07 09:57:40'),
('b3202c95ef15ef5fcfcf40c3e5e3a53a6d2e4897c175d763695c84113154603d839bdd67c0a2d305', 1, 5, NULL, '[]', 0, '2018-06-06 04:42:47', '2018-06-06 04:42:47', '2019-06-06 10:12:47'),
('b32ebda6710f0e9cdf8735846883166b220293ed2c9b4f20d5098cab2f00fb919619cbc231063827', 1, 5, NULL, '[]', 0, '2018-06-05 04:42:40', '2018-06-05 04:42:40', '2019-06-05 10:12:40'),
('b33843e40f0aa0e8c94357bf4e0433d65eb2ba27418247558e5cce2a2eaacf6626e708fba0062437', 1, 5, NULL, '[]', 0, '2018-06-06 02:52:13', '2018-06-06 02:52:13', '2019-06-06 08:22:13'),
('b35286a1ff5ef5304ea373d14bff9871c344f363429c6ad411d489bd489fe399b373c61949b3c385', 1, 5, NULL, '[]', 0, '2018-06-07 07:33:27', '2018-06-07 07:33:27', '2019-06-07 13:03:27'),
('b51cc449e7dc5584f0099a7f8c6a8e1c3a627f2e46371b3ab5aa44979a27de65ab4107fd2236eab5', 1, 5, NULL, '[]', 0, '2018-06-08 04:39:54', '2018-06-08 04:39:54', '2019-06-08 10:09:54'),
('b51e14901e23cda6067d0656e5e821c6b5744f17a0e6fe81850d00294f620409d4172c0c07faa6f8', 1, 5, NULL, '[]', 0, '2018-06-08 04:20:11', '2018-06-08 04:20:11', '2019-06-08 09:50:11'),
('b5e337a6514a543553328c95016e880bd9c9fbb146aa7520a2533f3424fa1f1e896d20a301aebf1a', NULL, 3, NULL, '[]', 0, '2018-06-04 00:36:40', '2018-06-04 00:36:40', '2019-06-04 06:06:40'),
('b6618dd3b2f6d9d24cc651f7c44dc6377d84edb99722c1a95379b15498b489c1aa4865b412c2425a', 1, 5, NULL, '[]', 0, '2018-06-07 05:22:57', '2018-06-07 05:22:57', '2019-06-07 10:52:57'),
('b71f12e55fa69f2a5fba23e0558e2a8da04e6f1fc0e23d956c03ba336b325cb3086169ba2f3c1e1a', 1, 3, NULL, '[]', 1, '2018-06-06 00:55:17', '2018-06-06 00:55:17', '2019-06-06 06:25:17'),
('b783ede40aa603ff1bc8c51365ed03ad08c2cee0db3af2584e317472e3cb3110186f28ea245d037e', 1, 5, NULL, '[]', 0, '2018-06-06 03:03:03', '2018-06-06 03:03:03', '2019-06-06 08:33:03'),
('b7dc0a086d25543cd49fbf5a6e54339344565b91d1db8eaa09c5fb724339f0945330e710e6c2cfc6', 1, 5, NULL, '[]', 0, '2018-06-07 01:05:07', '2018-06-07 01:05:07', '2019-06-07 06:35:07'),
('b7dd878d1dea1cba3b5ff188799c77913f869d0682e6d2ecca954e049faa5342104811e66ca17bc1', 1, 5, NULL, '[]', 0, '2018-06-06 02:06:04', '2018-06-06 02:06:04', '2019-06-06 07:36:04'),
('b7f3cee6394da8ee30d9575f5b9bcdfa8a52bdb29f81bf382c6b29e43562b9a24cb8ad0dfeed510e', 1, 5, NULL, '[]', 0, '2018-06-08 05:25:57', '2018-06-08 05:25:57', '2019-06-08 10:55:57'),
('b8099d9a4f00021e5dbdaa3a85e1970fa0c110a68664cac2846ce77a50b4f56c305284884500a01f', 1, 5, NULL, '[]', 0, '2018-06-06 03:04:45', '2018-06-06 03:04:45', '2019-06-06 08:34:45'),
('b80da2449ca818df3a76131f9142b89ac4cc0583bcff7b3b4bd8587793a66d8268434b6eeab0c9c6', 1, 5, NULL, '[]', 0, '2018-06-06 04:52:52', '2018-06-06 04:52:52', '2019-06-06 10:22:52'),
('b8336aa922eb10e1797b62c7941ae05a68bf07dcbd790c09918c145fa22893b6d34a772ad684de02', 1, 3, NULL, '[]', 0, '2018-06-06 00:59:28', '2018-06-06 00:59:28', '2019-06-06 06:29:28'),
('b88276d00a72620e0171ebc4cde2c3857fe8fbcaca3ffff00047a12e5ac228459d8b47a1cdf5a0de', 1, 5, NULL, '[]', 0, '2018-06-06 06:10:38', '2018-06-06 06:10:38', '2019-06-06 11:40:38'),
('b8a3ec2acba34af04f67cb8f2f76d99f7b6c96333ead007aa7d0c27f10aee4658cb961d15ec09984', 1, 5, NULL, '[]', 0, '2018-06-08 02:10:19', '2018-06-08 02:10:19', '2019-06-08 07:40:19'),
('b8d27edf072f75527f4f61e2a08f212febc313d29065f110cd932b6d7a0ef7d59facab818cd4786e', 1, 5, NULL, '[]', 0, '2018-06-06 07:29:51', '2018-06-06 07:29:51', '2019-06-06 12:59:51'),
('b9c44cd9e006e076412de4f6762eb9670c9a29b45e4baaee9c46814e6c8634f5d3c017503ced7266', 1, 5, NULL, '[]', 0, '2018-06-06 03:37:06', '2018-06-06 03:37:06', '2019-06-06 09:07:06'),
('ba9ba52907c0b32b1a5fa5d56b9f63b9f2862eb433563238aeea0c5d4623916aef12052f4f8b17a4', 1, 5, NULL, '[]', 0, '2018-06-07 01:25:00', '2018-06-07 01:25:00', '2019-06-07 06:55:00'),
('babc6f8761f1a1eaa7f613fe2c14b947a36eba0eb9997f629fb01c4a2a1a672eb1315e1b5b116aaa', 1, 5, NULL, '[]', 0, '2018-06-08 04:38:11', '2018-06-08 04:38:11', '2019-06-08 10:08:11'),
('babdf0d1e921ca1e269b0175b8a6fee2e9c77f1cf57968664019f18c803e55b7021432b25e8bf0f2', 1, 5, NULL, '[]', 0, '2018-06-07 04:30:00', '2018-06-07 04:30:00', '2019-06-07 10:00:00'),
('bad5a3a9f5e176bfcd479fc88ce253ef305d10b4941c443e9d1da692ea883cf3538188c760a94afa', 1, 5, NULL, '[]', 0, '2018-06-06 07:30:55', '2018-06-06 07:30:55', '2019-06-06 13:00:55'),
('bb15a1ccf26b4228e202191bfee6946ba3007ed7eebc8ef04ca6060b7a69da95657c1ca50acae705', 1, 5, NULL, '[]', 0, '2018-06-07 05:22:45', '2018-06-07 05:22:45', '2019-06-07 10:52:45'),
('bb337a3f4b8fedda93a1f88e04ae08f0a6b0ecdf64347cc39ab505b54c00b2ef88095b17f7e03857', 1, 5, NULL, '[]', 0, '2018-06-07 01:09:31', '2018-06-07 01:09:31', '2019-06-07 06:39:31'),
('bbfaab250ec54b8af898dc97cc8b595bf882ce1455cef0ef7b8b80cb52979ed13c70923b310eeee1', 1, 5, NULL, '[]', 0, '2018-06-06 05:12:00', '2018-06-06 05:12:00', '2019-06-06 10:42:00'),
('bbfcf055cbb07b9d78eae2332314fd337c51008c5ec346e482197f64cd3b1e89c63a7d0fc7fa2bc9', 1, 3, NULL, '[]', 1, '2018-06-06 00:19:25', '2018-06-06 00:19:25', '2019-06-06 05:49:25'),
('bc002e235e97ff599709b8178053cce6f74ccafd57470ef9d8fde487477fc7adf7dfffef611eae7a', 1, 5, NULL, '[]', 0, '2018-06-06 00:13:36', '2018-06-06 00:13:36', '2019-06-06 05:43:36'),
('bcaf364fdafee94543f8509bcf2a76e463df8e94eaac2d3ea0d0d8a52cda66eef85d3a2f88143c42', 1, 5, NULL, '[]', 0, '2018-06-08 04:31:12', '2018-06-08 04:31:12', '2019-06-08 10:01:12'),
('bcf8842aaf1bd90e58ab3a5ffdd0d6de45d99567108045dbd8e20d9e49dba32790ae9aff884bf267', 1, 5, NULL, '[]', 0, '2018-06-07 01:32:30', '2018-06-07 01:32:30', '2019-06-07 07:02:30'),
('bd7440bf440fcbd13fe13c6b7526ec83855be15fc41c948a373def07da2a9c58d334f17ea1a78e1e', 1, 5, NULL, '[]', 0, '2018-06-06 03:27:33', '2018-06-06 03:27:33', '2019-06-06 08:57:33'),
('be16b7eeefffc9bae8af125e41bfbabc2d1b093f755f0a8c9dfffa7b4549a050ec68b844c3c70cbf', 1, 5, NULL, '[]', 0, '2018-06-07 04:28:40', '2018-06-07 04:28:40', '2019-06-07 09:58:40'),
('bef0be4c36d0950cbaf18983a18329971024266c96f7b18cf01ed573ded4dfb9551662d014cdff8d', 1, 5, NULL, '[]', 0, '2018-06-06 03:24:08', '2018-06-06 03:24:08', '2019-06-06 08:54:08'),
('bf5eb1cdf3d3a043e4dd886f502c11e927e88d8499c303c7c89dfabf757d5532f2eb0f390deda6af', 1, 3, NULL, '[]', 1, '2018-05-28 02:57:38', '2018-05-28 02:57:38', '2019-05-28 08:27:38'),
('bfbaef3d1e1cbbc330cc62a1501acc9165fca55109a66a65e7b92f696f1a054b8018068769d09fc9', 1, 3, NULL, '[]', 1, '2018-06-05 00:00:15', '2018-06-05 00:00:15', '2019-06-05 05:30:15'),
('bfdb4bf5f2ce3524a67fb557a0fdfef6ff3c5df12755b865a2638671816b13d23179101623984347', 1, 5, NULL, '[]', 0, '2018-06-08 03:39:41', '2018-06-08 03:39:41', '2019-06-08 09:09:41'),
('bff0200f982d1a18ad028e4a83229719fc0926f6d44e633c8aa174b83c5b6df55dab9692cd6d82f4', 1, 5, NULL, '[]', 0, '2018-06-08 04:42:07', '2018-06-08 04:42:07', '2019-06-08 10:12:07'),
('c0756bbc22bce928281d6505fa6aa2d132dc6c402468534b675fd7ef11a01353f0ba8a4d5e055c29', 1, 5, NULL, '[]', 0, '2018-06-08 04:40:02', '2018-06-08 04:40:02', '2019-06-08 10:10:02'),
('c0f9b11009ea6503c15b11196b9875beb35fbaa4325728c44fab99dbb1e1f3af9c83ad46b750bf52', 1, 5, NULL, '[]', 0, '2018-06-08 04:16:16', '2018-06-08 04:16:16', '2019-06-08 09:46:16'),
('c17ff1daf609502927d2dd5963ed85a644386056624a84bea1519b4c6c1ad2a2458e2bb2c3e65a0f', 1, 5, NULL, '[]', 0, '2018-06-06 06:27:56', '2018-06-06 06:27:56', '2019-06-06 11:57:56'),
('c21921d11b019721fc6827c7843e4a66fc60bcce30563c5c7648a5d8634d6c57336919e73e8763b1', 1, 5, NULL, '[]', 0, '2018-06-07 01:23:26', '2018-06-07 01:23:26', '2019-06-07 06:53:26'),
('c2208b90537db0f2ea1c7a8c5c2b2cb06860cf87823e62cb328db860286490e8b72ec120472e685b', 1, 5, NULL, '[]', 0, '2018-06-08 00:06:06', '2018-06-08 00:06:06', '2019-06-08 05:36:06'),
('c2d43aee84b73c630161eb71214ecc00c66fdc0e3df97ac3e9ea24538d5195adbc6e7d5e77298866', 1, 5, NULL, '[]', 0, '2018-06-08 05:05:38', '2018-06-08 05:05:38', '2019-06-08 10:35:38'),
('c44f7d13a2802dd6c3b5ed26d008e33586e479ec4edf7ece667bce477400f9b5ad9b296d9222976b', NULL, 3, NULL, '[]', 0, '2018-06-04 01:04:46', '2018-06-04 01:04:46', '2019-06-04 06:34:46'),
('c469514bd627c3fecf6e3a174619c17cad817576588b1fe9034eb9cb029d908d76a4641c7199793e', 1, 5, NULL, '[]', 0, '2018-06-08 02:09:25', '2018-06-08 02:09:25', '2019-06-08 07:39:25'),
('c5bf0ef03fae83ac52cdb36f1d89cd62281427c15cab2e77b9f895c59d4e9388519eb48ff7810869', 1, 3, NULL, '[]', 1, '2018-06-06 00:57:28', '2018-06-06 00:57:28', '2019-06-06 06:27:28'),
('c6c973b31840591825ed10b5772a3a8bdda6c6137668e7d8a2987f765a8b412fc9960601bc184bda', NULL, 3, NULL, '[]', 0, '2018-06-04 00:13:51', '2018-06-04 00:13:51', '2019-06-04 05:43:51'),
('c736146ac5df5db93d8b1e6950efa8443098a0c3733d504b2dd194f8ff4693e5cf71310e9ed9fa0f', 1, 3, NULL, '[]', 0, '2018-06-06 05:55:22', '2018-06-06 05:55:22', '2019-06-06 11:25:22'),
('c8455bf669d7f2a06aab92586edf324271ec5002c2e038d298213009c0a6b75006b655b2c1a07520', 1, 5, NULL, '[]', 0, '2018-06-07 07:31:04', '2018-06-07 07:31:04', '2019-06-07 13:01:04'),
('c85754a299d3219bf2902fdb368a29745fc15c031510d79d6e2a61a72447803348a740c884bb323e', 1, 5, NULL, '[]', 0, '2018-06-07 00:00:37', '2018-06-07 00:00:37', '2019-06-07 05:30:37'),
('c85ab0496796aea292b74b3b36f6541bd194b18f432f6b14f11e2488de68099e40bcb03667d5e865', 1, 5, NULL, '[]', 0, '2018-06-08 01:39:58', '2018-06-08 01:39:58', '2019-06-08 07:09:58'),
('c8c8c1df585050c33d76fb6b45c951180ba945a3177a5bba91d666347f7ee746ce710dfc6ff53685', 1, 5, NULL, '[]', 0, '2018-06-06 04:16:28', '2018-06-06 04:16:28', '2019-06-06 09:46:28'),
('c913f18c5187c908435878a82ebbb9b58f05c3d591188ae5cd2acdc6f5af4c252f3737cda859ea9c', 1, 5, NULL, '[]', 0, '2018-06-07 01:24:16', '2018-06-07 01:24:16', '2019-06-07 06:54:16'),
('c93e38f290e23643a1755c38a7f679fc1f7d3a8c809ace1ead2080c716c20fc4bc41dd38b04b083b', 1, 5, NULL, '[]', 0, '2018-06-07 00:51:40', '2018-06-07 00:51:40', '2019-06-07 06:21:40'),
('c942599a0af577c4892a6b291005fe01a3843d71662d94caf92f4b620fe10a3e0c6aa9fab68c9400', 1, 5, NULL, '[]', 0, '2018-06-08 02:09:24', '2018-06-08 02:09:24', '2019-06-08 07:39:24'),
('c943ff2aefe00cadddb4e4e4e2dcee1e68e8c6d7a1787ae4f8931b7f66baa937c99d0c40c486dbe4', 1, 5, NULL, '[]', 0, '2018-06-08 03:39:42', '2018-06-08 03:39:42', '2019-06-08 09:09:42'),
('c95f22feb13b6a6b46ba792c52e4fc652d2f3a9b9f54cbdf1f3e359bc4759363b302fdb591e06b3e', 1, 5, NULL, '[]', 0, '2018-06-06 01:29:52', '2018-06-06 01:29:52', '2019-06-06 06:59:52'),
('c9ef1039a6ad05482ead74ca221a2a35f6286c7ed35e1bdeb42bc0c630ed95a852675a7e7efcf594', 1, 5, NULL, '[]', 0, '2018-06-06 05:17:12', '2018-06-06 05:17:12', '2019-06-06 10:47:12'),
('c9f8cf74bff7eb53ff7586d8d88e939ae0a4cebc270829f96c31b77c4886a3b6008cae4deff21ce2', NULL, 3, NULL, '[]', 0, '2018-06-04 00:23:16', '2018-06-04 00:23:16', '2019-06-04 05:53:16'),
('ca04b12e30d8f895ecab45c0658bb1748a31cc7f3e32bc48aae5e63eeba719a0ff090ebfb63ccc77', 1, 5, NULL, '[]', 0, '2018-06-04 01:51:39', '2018-06-04 01:51:39', '2019-06-04 07:21:39'),
('cab6f2ded718123b5f93875baade0a5817a34e6254b68d6b86460ca62af6738081933172125e58e7', 1, 5, NULL, '[]', 0, '2018-06-08 04:27:34', '2018-06-08 04:27:34', '2019-06-08 09:57:34'),
('cb4a1af7c8b825df710c42a8f24fad05a8115d6591bc7951479a1f9aa9d34fca2824161f7bca6a5a', 1, 5, NULL, '[]', 0, '2018-06-06 05:17:07', '2018-06-06 05:17:07', '2019-06-06 10:47:07'),
('cb75f78bc30d421a6445cf141d11c9392c28b7bd81cbbbc73129fe48460c35a748a5d38999c62305', 1, 5, NULL, '[]', 0, '2018-06-08 04:07:15', '2018-06-08 04:07:15', '2019-06-08 09:37:15'),
('cbcedf97a447a67928db765079575c89135a6ae7d18c2209c5c84de2716fb1c5ff666ec39983a6d1', NULL, 3, NULL, '[]', 0, '2018-06-04 00:10:50', '2018-06-04 00:10:50', '2019-06-04 05:40:50'),
('cbe32a8a19977b93141223f22eba2a1dae5ae7dd3ef34167201aada54d3f449f371eeb08c9f42622', 1, 3, NULL, '[]', 0, '2018-06-06 01:01:31', '2018-06-06 01:01:31', '2019-06-06 06:31:31'),
('cda8e39dc6ab33029f58569bea585dff835eed4082fa1c952a87668d9b097b537c93684f6f267d4f', 1, 5, NULL, '[]', 0, '2018-06-06 07:31:07', '2018-06-06 07:31:07', '2019-06-06 13:01:07'),
('ce39eb4f347999f8ec64f30cb7cdbe922327efb9ac2d5ca2a9202d28b57237cc94cbca4c4c954266', 1, 3, NULL, '[]', 1, '2018-06-04 04:06:12', '2018-06-04 04:06:12', '2019-06-04 09:36:12'),
('ce7409a56b38de3117aff0757349035de210bb8e6789a138fd330285e5e4bb0a29675879496ed4ac', 1, 5, NULL, '[]', 0, '2018-06-06 00:01:51', '2018-06-06 00:01:51', '2019-06-06 05:31:51'),
('ce87b4cee1579eb1bd56025e26464ee854a9ad9d11cc1983f33e52b87e0719a7e9a22a94b8433bdf', 1, 5, NULL, '[]', 0, '2018-06-07 07:30:59', '2018-06-07 07:30:59', '2019-06-07 13:00:59'),
('cf3d2800587945c748e6023822af5b6fd0ffa25d281878cfac5ad5a8b6690ba5f82f7df4028175b3', NULL, 3, NULL, '[]', 0, '2018-06-04 03:09:50', '2018-06-04 03:09:50', '2019-06-04 08:39:50'),
('cf7ec8bdf3ee50417d4894cad687b3dbb5959befaae446fee4c9fd2d4ff33a9c6994611a32d6b872', 1, 5, NULL, '[]', 0, '2018-06-05 06:19:16', '2018-06-05 06:19:16', '2019-06-05 11:49:16'),
('cfdffd6f82a234a994df19e6064100aa224820e3e337e05bd071865b3afc6c15c87578980cc56d83', 1, 3, NULL, '[]', 1, '2018-06-06 00:49:43', '2018-06-06 00:49:43', '2019-06-06 06:19:43'),
('d0184babe9c293a80f1c884c1e95e1e2a8c85bf8e7fbe8828b032d4abdec7d88ab5bc4324f508ab2', 1, 5, NULL, '[]', 0, '2018-06-07 01:02:57', '2018-06-07 01:02:57', '2019-06-07 06:32:57'),
('d03c94ce90bdcdbee8230d990132490f2b2336c7f5daf262f489585a58e3226acd811c799f057b2c', 1, 5, NULL, '[]', 0, '2018-06-08 01:41:22', '2018-06-08 01:41:22', '2019-06-08 07:11:22'),
('d041b18dcdec5875ccbffc73d26589c1d1ba8ad796f1fdc5d35cc0a58a9b4f3d77764dedb9e060f5', 1, 5, NULL, '[]', 0, '2018-06-04 01:41:44', '2018-06-04 01:41:44', '2019-06-04 07:11:44'),
('d082e70acfe8e8262874fbdf38e48889f5e8828eb8b5defb2c50d8f0a893d9b5d0bb80423875f706', NULL, 3, NULL, '[]', 0, '2018-06-04 00:10:17', '2018-06-04 00:10:17', '2019-06-04 05:40:17'),
('d12319bf9020f4cb4424d8523f5563f8ba0c21336d2d2d1d8e9352763d183e1f05938ab4e48a71b9', 1, 5, NULL, '[]', 0, '2018-06-06 03:02:50', '2018-06-06 03:02:50', '2019-06-06 08:32:50'),
('d1518a4c1ec4dee05ad3d579f0c99e5a8f53e58760eb5feba79ac7dafcd41a08722b8c19809aa33b', 1, 5, NULL, '[]', 0, '2018-06-08 02:03:15', '2018-06-08 02:03:15', '2019-06-08 07:33:15'),
('d18049b2fe87977481a0ea2ad5fd13d6943040b97a78ca9132121acdeb14a9e3b7c3c5a6bc1f86d4', 1, 5, NULL, '[]', 0, '2018-06-07 04:55:13', '2018-06-07 04:55:13', '2019-06-07 10:25:13'),
('d1ae8c1876f340f14dfdb79a087f668a006c82ff4f399d6fed94f9a17646f3d733618675b6f78917', 1, 5, NULL, '[]', 0, '2018-06-04 02:03:21', '2018-06-04 02:03:21', '2019-06-04 07:33:21'),
('d1b6c0fc44c087fd6432b1499f2957eb1d4b9679506bdae142abf543b660af1352329c5729dd7b53', NULL, 3, NULL, '[]', 0, '2018-06-04 02:26:56', '2018-06-04 02:26:56', '2019-06-04 07:56:56'),
('d1d6f0dfe21cad175d9864e71ea18ef9540e50d2fa20d7bbd19783f3376f7ef243c8ec554e6fbbdb', 1, 5, NULL, '[]', 0, '2018-06-06 05:55:26', '2018-06-06 05:55:26', '2019-06-06 11:25:26');
INSERT INTO `oauth_access_tokens` (`id`, `user_id`, `client_id`, `name`, `scopes`, `revoked`, `created_at`, `updated_at`, `expires_at`) VALUES
('d1f74f4c60091d5911dc5d93202c546b2c2d03e08660eb06a4209338df9bb4c20c498cd024c12768', 1, 6, NULL, '[]', 1, '2018-06-05 01:21:21', '2018-06-05 01:21:21', '2019-06-05 06:51:21'),
('d1fdda80fd9c79148b57c6eac6f4e12bd5a2df427ab1dd7d462bd339388cd46ff69e226314d03c7e', 1, 5, NULL, '[]', 0, '2018-06-08 06:04:45', '2018-06-08 06:04:45', '2019-06-08 11:34:45'),
('d21129289eeecf0745ec18cfba34185a1497d768bbfa9d519c3ff2fe80786b0cb503bcae972cd112', 1, 5, NULL, '[]', 0, '2018-06-08 02:04:06', '2018-06-08 02:04:06', '2019-06-08 07:34:06'),
('d2151f4c09368423bd455f74412554176d15ab305f21f3dd0cb0e52d9681da8ae0d9b8ad54c25f99', 1, 5, NULL, '[]', 0, '2018-06-06 04:58:24', '2018-06-06 04:58:24', '2019-06-06 10:28:24'),
('d397ac43155631e96baed6ecdbe6df55011e243eb5c2930cb3a16dd447f8185038b7fbefc0f92c2f', 1, 5, NULL, '[]', 0, '2018-06-06 06:26:44', '2018-06-06 06:26:44', '2019-06-06 11:56:44'),
('d3dbbc8ae153fb33352029c9155ca039c0626712ac4eca7e3d11a158183c62c8f46c38e31ae01a81', 1, 5, NULL, '[]', 0, '2018-06-06 03:27:43', '2018-06-06 03:27:43', '2019-06-06 08:57:43'),
('d4915682b005396d05516efe1b73513e8c6511ab6d21977ee20f678495b1085ce60a17cc153b5c95', 1, 5, NULL, '[]', 0, '2018-06-06 02:04:26', '2018-06-06 02:04:26', '2019-06-06 07:34:26'),
('d496258022e1747436719a2b6c6c31aa1d90575ca96800817c8f0827a601985c5247dcc75ec645de', 1, 5, NULL, '[]', 0, '2018-06-08 02:10:20', '2018-06-08 02:10:20', '2019-06-08 07:40:20'),
('d561cdf7a988b5a793007f6f48d47b6cc9180390f17839fcd87b28217c66d76d73b5ab5fdc4e2b6c', 1, 5, NULL, '[]', 0, '2018-06-08 00:08:28', '2018-06-08 00:08:28', '2019-06-08 05:38:28'),
('d57ae98f67dc590eae5e276095512ec825d99204d9bcdf5b5c0b6eb62d7af5f8645756c4a2494b35', 1, 5, NULL, '[]', 0, '2018-06-07 06:04:39', '2018-06-07 06:04:39', '2019-06-07 11:34:39'),
('d5a994266af9f0418d98dd80edf9a6c676d29bf3535cb9b1c8835c68de16a606cbd85e600ab2c4c7', 1, 5, NULL, '[]', 0, '2018-06-08 01:40:58', '2018-06-08 01:40:58', '2019-06-08 07:10:58'),
('d6e3fb851cd1d0ccdd4cd90d01910ca552304f435918e733b9f64556604362fa8768ae7484eba3c7', 1, 5, NULL, '[]', 0, '2018-06-06 05:55:40', '2018-06-06 05:55:40', '2019-06-06 11:25:40'),
('d76e8e870b26f8d216114db5f7e9e566f57b50ac6fcead67c300d3d3232a92aba533155101795799', 1, 5, NULL, '[]', 0, '2018-06-07 07:30:55', '2018-06-07 07:30:55', '2019-06-07 13:00:55'),
('d7ab7f309c76db0c4d903d1d1a88db467c84e0a88b2e31a798c2e13f8f780765da004ec79515b0d8', NULL, 2, NULL, '[]', 0, '2018-06-04 01:23:11', '2018-06-04 01:23:11', '2019-06-04 06:53:11'),
('d7b702c96f19d21c9280dce0925c523ca2fe0608548ef360a7fdaa0e66b49facb18682ba97e6a6b4', 1, 5, NULL, '[]', 0, '2018-06-07 07:27:04', '2018-06-07 07:27:04', '2019-06-07 12:57:04'),
('d8220e48f25a6d8ea0784d0e15049cfa3c590e55122cf08be50f7d213628aed369d983f4423e67fe', 1, 3, NULL, '[]', 0, '2018-06-06 01:09:30', '2018-06-06 01:09:30', '2019-06-06 06:39:30'),
('d8e95671329da971f6afcbdd7ddd1b2764c2877c31af79dab3deda144a9304317cd9f9f1b46f18c2', 1, 5, NULL, '[]', 0, '2018-06-07 07:26:46', '2018-06-07 07:26:46', '2019-06-07 12:56:46'),
('d937b6799c30a3a010900c0be87b24a3cd4e340280177ffc64c49d76b385a87afac4bb07a528422f', 1, 5, NULL, '[]', 0, '2018-06-08 01:39:59', '2018-06-08 01:39:59', '2019-06-08 07:09:59'),
('d9c999d5f792359d3a2e3f56f6ea4dd4ceea5d3f3e9b2f0ec0d3c6701b7018548a55391c0645f9ea', 1, 5, NULL, '[]', 0, '2018-06-06 04:53:00', '2018-06-06 04:53:00', '2019-06-06 10:23:00'),
('da5d7d39bf77847aa97b3644dab8156e812cb0f7308f35bf7a5d71122609cdcd77d03b082cf0ceb7', 1, 5, NULL, '[]', 0, '2018-06-08 04:30:45', '2018-06-08 04:30:45', '2019-06-08 10:00:45'),
('db63bab8723af76b28afee76dd460954288d78bb39de4d46f3d21120a825ca606f2c2530a43a1f7c', 1, 5, NULL, '[]', 0, '2018-06-08 05:04:48', '2018-06-08 05:04:48', '2019-06-08 10:34:48'),
('dc517c7461710d469c1f724c28701f70bf503412596a5dd429d67368ec3a18d21df4d49c2cf05952', 1, 3, NULL, '[]', 1, '2018-05-28 05:40:16', '2018-05-28 05:40:16', '2019-05-28 11:10:16'),
('dc9b712fe961eda47ff06ccb704971fdcc0c62bc9eb358134c1a38a092c39ec475ff166f32934aab', 1, 5, NULL, '[]', 0, '2018-06-06 05:54:29', '2018-06-06 05:54:29', '2019-06-06 11:24:29'),
('dd32b3483b7852e7b291108dd45d427d7d4b46598649df8ea8cbf4ce446c065dc486f294ed18ff03', 1, 5, NULL, '[]', 0, '2018-06-08 05:05:01', '2018-06-08 05:05:01', '2019-06-08 10:35:01'),
('de762755ccc8bd5f6f260696d93555f89f2d775e08b556de7435e60df41873eb660b3dd2457a7dc9', 1, 5, NULL, '[]', 0, '2018-06-06 06:26:37', '2018-06-06 06:26:37', '2019-06-06 11:56:37'),
('df046bd05d8a6269cabb0044bd2b1851cf11402530e423bf858ad8b305348950c0636507cdcc1275', 1, 5, NULL, '[]', 0, '2018-06-08 02:05:37', '2018-06-08 02:05:37', '2019-06-08 07:35:37'),
('df315debe4b536714c35219769970c1d4df6f9bb703a12bb0284a3d384fadc6e0ccc805fe57c9742', 1, 5, NULL, '[]', 0, '2018-06-08 05:04:33', '2018-06-08 05:04:33', '2019-06-08 10:34:33'),
('df6caae2542ae32cd310c03e8197b6a8183c5fc4e6adcafb1efb9e16ca52bb82d9a8ef868defd976', 1, 5, NULL, '[]', 0, '2018-06-06 08:01:52', '2018-06-06 08:01:52', '2019-06-06 13:31:52'),
('dfb2270b1d89c657aea7141a98fe2c7a9711ec0b666d472ab92aabee8a32a5b7c1f92170027aac6a', 1, 5, NULL, '[]', 0, '2018-06-06 04:31:21', '2018-06-06 04:31:21', '2019-06-06 10:01:21'),
('e069fd568b6c7983ee3be22e741a76393967d739e857ccdd0bcc4e3615c7adbea11a2c5c08bf4680', 1, 5, NULL, '[]', 0, '2018-06-07 01:26:21', '2018-06-07 01:26:21', '2019-06-07 06:56:21'),
('e0803352234d974ce1e2066684ca54369622cd40fec1cd0d8c60f519e09b46f89f9d12ac484978f4', 1, 6, NULL, '[]', 1, '2018-06-05 00:39:54', '2018-06-05 00:39:54', '2019-06-05 06:09:54'),
('e0f5e99cc191392fc81ddc532cd68e6d9e2c818c2624454ef8520bda6e3a71707cc57f1439e9bebf', NULL, 3, NULL, '[]', 0, '2018-06-04 00:11:04', '2018-06-04 00:11:04', '2019-06-04 05:41:04'),
('e10ebe42bad5efc080a076f16d325d0331ff86e61a271782f033b616a4ee7242db238f199a2bdb41', 1, 5, NULL, '[]', 0, '2018-06-06 03:40:45', '2018-06-06 03:40:45', '2019-06-06 09:10:45'),
('e139d91d49b5b056cbaf7ab6a853522ae735055f0b65bb1fb04be06b169f308b533525c8e93710f7', NULL, 3, NULL, '[]', 0, '2018-06-04 00:16:19', '2018-06-04 00:16:19', '2019-06-04 05:46:19'),
('e159be5059a26c42bf498ea1c0aa7a75804dff26258810615a7f6b60aa343796325cf8d710196b32', 1, 5, NULL, '[]', 0, '2018-06-08 04:54:28', '2018-06-08 04:54:28', '2019-06-08 10:24:28'),
('e1b3cae8ab0afa6f27fc234f6ab3ca2aa9ec5ad7116a20c673890aad99649c7416fa2e3f7d51506c', 1, 5, NULL, '[]', 0, '2018-06-08 04:09:13', '2018-06-08 04:09:13', '2019-06-08 09:39:13'),
('e1e4c5a8f291cd3b4b42c03867b483f021bf7e65998884613df6393796edb4b8188f4c1f56e0e340', 1, 5, NULL, '[]', 0, '2018-06-08 02:07:29', '2018-06-08 02:07:29', '2019-06-08 07:37:29'),
('e2445026d9e1f573e73dd3604fd480fc4e5d3c3c26e1ca76a3d771b73700813753dfcd760c787732', 1, 5, NULL, '[]', 0, '2018-06-07 04:35:32', '2018-06-07 04:35:32', '2019-06-07 10:05:32'),
('e2476e99743a15563d12b8567fae9e36dc930a9234be63dccd38e4ece60b10aa56279f155148c5b2', 1, 6, NULL, '[]', 1, '2018-06-05 01:13:01', '2018-06-05 01:13:01', '2019-06-05 06:43:01'),
('e2844653ecf8610595d5dc38067d21fab01162c844a14b5e0a7604c1b60fd9fd07e2e08ebb20cffc', 1, 5, NULL, '[]', 0, '2018-06-06 04:28:57', '2018-06-06 04:28:57', '2019-06-06 09:58:57'),
('e2922807292552c1b8ecb88af1f982428fd4ae4c2b2de18b207e1584b058322c31b778fbd68ce0e3', 1, 5, NULL, '[]', 0, '2018-06-06 02:03:43', '2018-06-06 02:03:43', '2019-06-06 07:33:43'),
('e2dfe91df8d7743088a530d0629413166084f37cdd56c8d29b7d419dc10bd340039dfc855010aeef', 1, 5, NULL, '[]', 0, '2018-06-07 04:53:37', '2018-06-07 04:53:37', '2019-06-07 10:23:37'),
('e2f11d9707a78ed9f6d5c88ccbbb5f0bc02189736afa54c4fdf910fc3616f2ca17be98e5af784eaa', NULL, 3, NULL, '[]', 0, '2018-06-04 00:20:25', '2018-06-04 00:20:25', '2019-06-04 05:50:25'),
('e365f02df1f25d42051a73d33883cd3b4a4774754fdfb332345a47121493bc4782c1446e2edc50e2', 1, 5, NULL, '[]', 0, '2018-06-06 03:46:09', '2018-06-06 03:46:09', '2019-06-06 09:16:09'),
('e36633054dc3d7b7ba6571f510f6ef8d8f2d2d6c75de7f825e53a258b2fa9c391738904e431fde44', 1, 5, NULL, '[]', 0, '2018-06-06 04:17:33', '2018-06-06 04:17:33', '2019-06-06 09:47:33'),
('e3d594a587b291466129deec8652cbbcb7bfecad37ec1c64c5fffabc2b6549ed9189fbde53836753', 1, 5, NULL, '[]', 0, '2018-06-06 03:00:06', '2018-06-06 03:00:06', '2019-06-06 08:30:06'),
('e4064b6594d40ea4c6218af5c9cf29f1650ee9a76e8dffd5f7678f41fdc239e50d5f94411fdb0ed9', 1, 5, NULL, '[]', 0, '2018-06-08 04:18:59', '2018-06-08 04:18:59', '2019-06-08 09:48:59'),
('e41f78763ba4bc011476a505af6d22380e6201dbee60e05ab21cdd7f3508e4aa461abdcee09cf4e4', 1, 5, NULL, '[]', 0, '2018-06-06 03:57:15', '2018-06-06 03:57:15', '2019-06-06 09:27:15'),
('e4bb301cff673d1d627f75bedb707e3e17845c23609c14d5fb90090087651205e5b4a46f161a9991', 1, 5, NULL, '[]', 0, '2018-06-06 03:47:32', '2018-06-06 03:47:32', '2019-06-06 09:17:32'),
('e5311c54303e29ef8076066cf73fde32a4a08f2544c62597a4d278235ea67af180697caa7d5b9f66', 1, 5, NULL, '[]', 0, '2018-06-08 05:33:32', '2018-06-08 05:33:32', '2019-06-08 11:03:32'),
('e5faec860f70cf709e0d3a266e4102afe25994cd67ec8b7f8c465c993ca66525bd9d23c70e7be293', 1, 5, NULL, '[]', 0, '2018-06-06 05:10:46', '2018-06-06 05:10:46', '2019-06-06 10:40:46'),
('e6056819664336f3171e9f902489c564ffb7798104de78a174ac4d55cf732b0bc3368f145aba4cad', 1, 5, NULL, '[]', 0, '2018-06-06 01:59:40', '2018-06-06 01:59:40', '2019-06-06 07:29:40'),
('e64aec211217328f55942e74f9483bf99b060ca1519524c7e3fe21cd3984571480a00fdd8316a9b2', 1, 5, NULL, '[]', 0, '2018-06-06 03:58:56', '2018-06-06 03:58:56', '2019-06-06 09:28:56'),
('e787f33c0e1281bf9cac003f4d817145e8e3e80b6d46ace3c25daefc2051ffc040d5d4948fa7c998', NULL, 3, NULL, '[]', 0, '2018-06-04 01:12:39', '2018-06-04 01:12:39', '2019-06-04 06:42:39'),
('e7cc79e699f4469ec4eeb55e4e9e2061db6b8206518ef16494f0d00917abe629026a9e69737bfb31', 1, 5, NULL, '[]', 0, '2018-06-06 02:39:26', '2018-06-06 02:39:26', '2019-06-06 08:09:26'),
('e7d637ccb08e5cf2bc25ee640e04ba07255bc8dc56d62ea11be9467a3ace919d0621210893a6fa7d', 1, 5, NULL, '[]', 0, '2018-06-07 01:01:38', '2018-06-07 01:01:38', '2019-06-07 06:31:38'),
('e834ec091ea4153bb4a1c351053a5ea8ade77908eb28f3bb9914103ad1ffb4f7911381c64f7f7ab3', 1, 5, NULL, '[]', 0, '2018-06-07 04:30:53', '2018-06-07 04:30:53', '2019-06-07 10:00:53'),
('e9129e22678f0b96d1ff88f3f5a1f54063d3eecb6d1b1e081aafc5875e1ba31f113b9a3654d2c218', 1, 5, NULL, '[]', 0, '2018-06-06 03:25:32', '2018-06-06 03:25:32', '2019-06-06 08:55:32'),
('e91d045bda07aaa7a29cc512219a19771ba5ce5ccb8ff31aa98da20eda070e2c47939cbc9098b07c', 1, 5, NULL, '[]', 0, '2018-06-06 03:22:16', '2018-06-06 03:22:16', '2019-06-06 08:52:16'),
('e94595dd829badf9ed4cf6d9bbbe06bdcea97eeb604518120efeb07f785aefd59fa5e029d3bd6f5e', NULL, 3, NULL, '[]', 0, '2018-06-04 03:08:09', '2018-06-04 03:08:09', '2019-06-04 08:38:09'),
('e99e9b97c86c1893a3f201246422159e4e978647f7fde5b976ff8dc0607e2b0a011749b9a888d3b3', 1, 3, NULL, '[]', 1, '2018-05-25 06:42:21', '2018-05-25 06:42:21', '2019-05-25 12:12:21'),
('e9d3f84ef227e9fccbf1361e065afeeb1e86793219523922b2021235c0ae27266361b3d0f47ec3d0', 1, 5, NULL, '[]', 0, '2018-06-06 03:25:12', '2018-06-06 03:25:12', '2019-06-06 08:55:12'),
('ea09bc15d64fdefcc285144b1e3e05b543cc9960b99e903df3ddb254a0aa0ae8c9e51d4fe8fe0626', 1, 5, NULL, '[]', 0, '2018-06-05 23:54:35', '2018-06-05 23:54:35', '2019-06-06 05:24:35'),
('ea1ab5f2c47c733b171c0a1e315362a257ffbb8fd0a7636a5d51e48d593239be6c04239ab14a7780', 1, 5, NULL, '[]', 0, '2018-06-06 02:05:51', '2018-06-06 02:05:51', '2019-06-06 07:35:51'),
('eab6c721188180fbed67a770716c3675cfc90334a5293686aacef4ec64965bcb863c151e78a27724', 1, 5, NULL, '[]', 0, '2018-06-06 05:14:10', '2018-06-06 05:14:10', '2019-06-06 10:44:10'),
('eb125489373a064ef7cebfa2466c813ad1fc888733083456ca8cd2cb94d6dec8b321a04fb93d9bf5', 1, 5, NULL, '[]', 0, '2018-06-06 03:58:36', '2018-06-06 03:58:36', '2019-06-06 09:28:36'),
('eb1b82c8876f0ffd58ff12f7ff32386b5c55d55fc57c6cebd748d21d0e7d855349618c5f8beff196', 1, 5, NULL, '[]', 0, '2018-06-07 07:26:47', '2018-06-07 07:26:47', '2019-06-07 12:56:47'),
('eb48851fb211dd07215c5876efc54d1256e414de539a994ba92a59bffc0c78e2558c55e8322b6ca5', NULL, 3, NULL, '[]', 0, '2018-06-06 06:03:36', '2018-06-06 06:03:36', '2019-06-06 11:33:36'),
('eb79b18f257148f23084302746dc46016c246bfa1080fff7fdfc5bb22f26e09c2c3d8b0cfec18a45', 1, 5, NULL, '[]', 0, '2018-06-06 06:10:24', '2018-06-06 06:10:24', '2019-06-06 11:40:24'),
('ec0c6a7b360f6b7c2711c02128500a2c7bab3df8b31d4d163b683d6812d342f4e4ad47d153d51e2e', 2, 3, NULL, '[]', 1, '2018-05-28 00:19:02', '2018-05-28 00:19:02', '2019-05-28 05:49:02'),
('ec232f6154c8da43b94b75ab01709231f4e8c3a89bdc297532ec2e4c0caebee98c829c038c7e1ef4', 1, 5, NULL, '[]', 0, '2018-06-07 07:25:25', '2018-06-07 07:25:25', '2019-06-07 12:55:25'),
('ec42bb5fe650c2dd483e8ccebef3073e08546cc4cdd83fdf2f228a219b3963e862b5944555c5536f', 1, 5, NULL, '[]', 0, '2018-06-08 04:27:56', '2018-06-08 04:27:56', '2019-06-08 09:57:56'),
('ec4ffa0dcded03ed048aecd36d96f5d015e8157e3a9dca71e63938a8cc53421f2441f67045a0ed1c', NULL, 3, NULL, '[]', 0, '2018-06-04 00:07:18', '2018-06-04 00:07:18', '2019-06-04 05:37:18'),
('ec89713659c8c3aa8857783cdac53396e1282de5174d5c6ed49fae16853f0dde6d060c6fbd434d40', 1, 5, NULL, '[]', 0, '2018-06-08 05:05:27', '2018-06-08 05:05:27', '2019-06-08 10:35:27'),
('ecc6ec28e42c3ec36f9933a1cee12d8f6cfa675e02c6810c20e169fac0bc85e8f19432e5c6d5e6fb', 1, 5, NULL, '[]', 0, '2018-06-06 05:10:20', '2018-06-06 05:10:20', '2019-06-06 10:40:20'),
('ed0fe6df4e605c80170004f32a51e7a4cec7acac4b6f9d65f89d6af1dce2f69439455abd1b117b8f', 1, 5, NULL, '[]', 0, '2018-06-06 02:47:40', '2018-06-06 02:47:40', '2019-06-06 08:17:40'),
('ed4af1639e2024b87883c4f471cd47dd625468dec8ad690bf49a8003f7e428cde5488e2331f0914a', 1, 5, NULL, '[]', 0, '2018-06-08 01:41:21', '2018-06-08 01:41:21', '2019-06-08 07:11:21'),
('ed938aecf87a8d7634a63e3edd4aca0610755553dab34a949bda6f8c8eb4000e3e96fdc36735cae5', 1, 5, NULL, '[]', 0, '2018-06-08 01:35:26', '2018-06-08 01:35:26', '2019-06-08 07:05:26'),
('ee297b9fd93872459de3e5d6d620145ad46d919eb8de85a5e89eacc2deea1f26e3f917a8cd79448a', 1, 5, NULL, '[]', 0, '2018-06-05 06:20:16', '2018-06-05 06:20:16', '2019-06-05 11:50:16'),
('ee982255f0ad00bddf14fe1f2001df5b36233274a5222486742212841292b99fb78e79bf716b4fd2', 1, 5, NULL, '[]', 0, '2018-06-07 01:32:30', '2018-06-07 01:32:30', '2019-06-07 07:02:30'),
('ef02808cb2f2158a47a15733735e930a4e92e958f1f5d6168ea8058e0f71870bc77a19b9aec789e6', 1, 5, NULL, '[]', 0, '2018-06-06 05:54:46', '2018-06-06 05:54:46', '2019-06-06 11:24:46'),
('ef533842e7caa00de8f4f7318bc183962a60c0322d710506d9dd6e4f05b078108db8cefaef65b070', 1, 3, NULL, '[]', 1, '2018-06-04 00:27:03', '2018-06-04 00:27:03', '2019-06-04 05:57:03'),
('ef61bc49d47818b0ba134c0c1b626134e3d63dc7fd33501fc496d3069c19f064dc59fa01c542746b', 1, 5, NULL, '[]', 0, '2018-06-06 03:56:24', '2018-06-06 03:56:24', '2019-06-06 09:26:24'),
('eff487403e480800f85cff9ed67c163564f79ea2727d0e3792ffc982fbddbaa65f6e8e3416604dd0', 1, 5, NULL, '[]', 0, '2018-06-06 03:02:22', '2018-06-06 03:02:22', '2019-06-06 08:32:22'),
('f0550b7c397a05c9064ba00ea77cf56c88cffb38120c8f0112267d8f8c350250343f04b6fe8b07d3', 1, 5, NULL, '[]', 0, '2018-06-06 05:00:51', '2018-06-06 05:00:51', '2019-06-06 10:30:51'),
('f08c6e38f311df69105b2fb7a02beaf2f57aeb69f9638db401398135e1a6f8dfa1a1a6eb08ae9168', 1, 3, NULL, '[]', 1, '2018-05-28 04:43:33', '2018-05-28 04:43:33', '2019-05-28 10:13:33'),
('f116e3c60812650a42f1a7b1e604946532c6d72ac0357186d9cd7ba2f45eeb020e5dea00c7319124', 1, 3, NULL, '[]', 1, '2018-05-28 04:42:30', '2018-05-28 04:42:30', '2019-05-28 10:12:30'),
('f18fe05ab26083afa83e9aa9db7713819e383a40aa2d43e4ffd006c2ed15d654ee1559460fa21763', 1, 5, NULL, '[]', 0, '2018-06-08 04:18:44', '2018-06-08 04:18:44', '2019-06-08 09:48:44'),
('f1a3ec22242382bb2c0fe5dd660cb18039e3a18f4be6c131ac1162eaf8d4e6293b30edd5f06315d5', 1, 5, NULL, '[]', 0, '2018-06-06 03:51:46', '2018-06-06 03:51:46', '2019-06-06 09:21:46'),
('f285076321f19b0f24e1e8f878666b1972a3e841a9cae8d8ccb3cbcc8223d23813dce8a24d4f4377', 1, 5, NULL, '[]', 0, '2018-06-07 04:25:11', '2018-06-07 04:25:11', '2019-06-07 09:55:11'),
('f2e1a037bf0fdb30095cd34cc8ccce7a5be65c38b1c9afce17a426c41090b51a6ea8e26be7aed02b', 1, 5, NULL, '[]', 0, '2018-06-07 01:02:30', '2018-06-07 01:02:30', '2019-06-07 06:32:30'),
('f2e2ca6b82457d7b53726e6f63cacbc557b2610cd8d99cf75ffb276613f3b3ccf35539a3d0fc02da', 1, 5, NULL, '[]', 0, '2018-06-06 02:41:08', '2018-06-06 02:41:08', '2019-06-06 08:11:08'),
('f2f4dab4e0ccd901243a718f524bbd1f34029e86df678f48a4d84b82e9b78a9f6d15de6bf0b2b517', 1, 3, NULL, '[]', 0, '2018-06-06 01:01:52', '2018-06-06 01:01:52', '2019-06-06 06:31:52'),
('f300832e1db7b41ae5579328ca7382228514070a934141ae7761e138df3410f3c3d6c1b2c2de7edb', 1, 5, NULL, '[]', 0, '2018-06-06 03:00:52', '2018-06-06 03:00:52', '2019-06-06 08:30:52'),
('f3096f72776251fcda5e53c53506233122967a237b844ffd945c9850f231c43d68af33bd4484a1cd', 1, 5, NULL, '[]', 0, '2018-06-06 04:42:35', '2018-06-06 04:42:35', '2019-06-06 10:12:35'),
('f35947dbb0a5ec2b686c1851122905458681aa7cd887444a975aeaabd524dc455e94ff87fe5c2a39', 1, 5, NULL, '[]', 0, '2018-06-07 07:33:08', '2018-06-07 07:33:08', '2019-06-07 13:03:08'),
('f3d71a1b2a243b4dde609e22554452fcb6b86323acd967de47658997411d4a25478286cf1a17a83e', 1, 3, NULL, '[]', 0, '2018-06-06 01:24:29', '2018-06-06 01:24:29', '2019-06-06 06:54:29'),
('f4cb3e79c5670b388c4778ca3ac4426c7a53b367212d5706d33e2997b8c57667937ae00a37b353ba', 1, 5, NULL, '[]', 0, '2018-06-06 06:27:07', '2018-06-06 06:27:07', '2019-06-06 11:57:07'),
('f4e1d5e0ef7a9a96cffa847e35ff95f7185ef38f08103ca9d098bcd3c95c53be42deb5b8c899fcc7', 1, 5, NULL, '[]', 0, '2018-06-08 04:09:12', '2018-06-08 04:09:12', '2019-06-08 09:39:12'),
('f519c7036fa16fa13fd8c71c52a6e2b89a3b97fe7b30c79c76fb55f4d456138badf12770049b4912', 1, 5, NULL, '[]', 0, '2018-06-06 05:36:11', '2018-06-06 05:36:11', '2019-06-06 11:06:11'),
('f55caa8dafece6d07beb60f33a0a8231ccc73ad8f60cd63f005571292bee8ef7dcfecbc1ee4feb9c', 1, 5, NULL, '[]', 0, '2018-06-08 01:40:57', '2018-06-08 01:40:57', '2019-06-08 07:10:57'),
('f591e6945ca5df0aafbac75e2357c46e715f8a173e4ff77942b037581e4e86402662b31f679c0b69', 1, 5, NULL, '[]', 0, '2018-06-06 03:52:56', '2018-06-06 03:52:56', '2019-06-06 09:22:56'),
('f654fd1097c6c8678d5789390c7c28603e95981ca25724ae6972d2a962279ba5b59995941503c18c', 1, 3, NULL, '[]', 1, '2018-06-06 00:51:54', '2018-06-06 00:51:54', '2019-06-06 06:21:54'),
('f6d9949de22fa6432d5ddcf741359be697cdf048e6965c75e395e2b00e374ba6eae8892e9021f72a', 1, 5, NULL, '[]', 0, '2018-06-08 02:10:35', '2018-06-08 02:10:35', '2019-06-08 07:40:35'),
('f7250655ddeb9df82faf1b013d75a4076f7129b2912d92723217108067fd37ba279c47ba617eef31', 1, 5, NULL, '[]', 0, '2018-06-07 01:24:33', '2018-06-07 01:24:33', '2019-06-07 06:54:33'),
('f84eaadefbb1ac4dd43f05a569e485bd7a19aa0c26a918e09ef4cd4fc5c2e23579645eb6822824a4', 1, 5, NULL, '[]', 0, '2018-06-07 01:26:57', '2018-06-07 01:26:57', '2019-06-07 06:56:57'),
('f868c522c9e7775083157bc773b296f9f27958fe8a753db2e97c1a2993997135edf01cbe6f475756', 1, 5, NULL, '[]', 0, '2018-06-06 02:08:23', '2018-06-06 02:08:23', '2019-06-06 07:38:23'),
('f88146ce49f82fda05419ac7a81f6e1141370c0c144c5db38683776195459cf2d27f1d6df4fd13ad', 1, 5, NULL, '[]', 0, '2018-06-06 03:04:58', '2018-06-06 03:04:58', '2019-06-06 08:34:58'),
('f8c162700b19bf30f149a201199624c2eb9a08aaa918c749538ae6dcde5bdb85491e9eaaf2dc713f', 1, 3, NULL, '[]', 0, '2018-06-06 01:10:08', '2018-06-06 01:10:08', '2019-06-06 06:40:08'),
('f91e0f1e27b45f975e4524a101678c1739ddc04743a2419fce9e2c9bb9afd1c164df95ba54661807', 1, 5, NULL, '[]', 0, '2018-06-06 00:02:50', '2018-06-06 00:02:50', '2019-06-06 05:32:50'),
('f936d7ead02a3fcbb0bb1af895bc6c3582acd3c7b860711726c2bbf202d3243b3637c105395ad9de', 1, 5, NULL, '[]', 0, '2018-06-04 01:56:15', '2018-06-04 01:56:15', '2019-06-04 07:26:15'),
('f9a7eaa3d8caa8119922a86ff748f30c10c477c324fbeab3bbf3fc55fb832f4ea4b7f1dbf2390067', 1, 5, NULL, '[]', 0, '2018-06-06 03:30:25', '2018-06-06 03:30:25', '2019-06-06 09:00:25'),
('f9c65418efd379c70deefcfe01b77a64b33e5414f85cd7c00e7ec276fb8e67c22fde3c1d979e3d5b', 1, 5, NULL, '[]', 0, '2018-06-06 02:33:11', '2018-06-06 02:33:11', '2019-06-06 08:03:11'),
('faa411b42e6c0f5d1fc48682eecbde715d594244d9f6192491b7512347fdc16e286abd28563ad693', 1, 5, NULL, '[]', 0, '2018-06-06 03:52:30', '2018-06-06 03:52:30', '2019-06-06 09:22:30'),
('fafe7d13d2b0632d18cb2a557ed69b5456a621f08fe10f486675e56509f521e9f2998a9f934e694b', 1, 5, NULL, '[]', 0, '2018-06-06 02:59:13', '2018-06-06 02:59:13', '2019-06-06 08:29:13'),
('fb331e648f73df304b6725780283500b703f7aa27ab6972bd693c3765716183249b7c6d34b055877', 1, 5, NULL, '[]', 0, '2018-06-07 05:16:15', '2018-06-07 05:16:15', '2019-06-07 10:46:15'),
('fb8c7661c02437a61fb3a5b6de7480568822754ff5e47ef0bb6b18289399899c43bb53459a50625e', 1, 5, NULL, '[]', 0, '2018-06-07 04:35:11', '2018-06-07 04:35:11', '2019-06-07 10:05:11'),
('fb8f0e05437211712f6a874ca51dc1bf5c1acfab305ebd6042f2f380517dd71330320a13e5ffb723', 1, 5, NULL, '[]', 0, '2018-06-07 00:52:24', '2018-06-07 00:52:24', '2019-06-07 06:22:24'),
('fbfe292a194b6b668162145064a1575284055e1ddbe107f7721375441999188c180692e3e6495f5e', 1, 5, NULL, '[]', 0, '2018-06-06 03:26:49', '2018-06-06 03:26:49', '2019-06-06 08:56:49'),
('fccef08d752b4f1cda67771ff27f5f8d6121cbe67c05b42a442ac8b9c1aebb03915910fea0701ff9', 1, 5, NULL, '[]', 0, '2018-06-07 01:37:30', '2018-06-07 01:37:30', '2019-06-07 07:07:30'),
('fcec4bb4272c969dbf9b3083a47c8127af696acaa9b121cbd875688a5123319ba21b86e0b786a3ee', 1, 5, NULL, '[]', 0, '2018-06-07 07:05:06', '2018-06-07 07:05:06', '2019-06-07 12:35:06'),
('feb9ba71ab7b1b2875b855bf603619bbe84eaec28e32a5ec4c31f3bc4bbf65ec9058de007abea348', 1, 5, NULL, '[]', 0, '2018-06-04 02:02:30', '2018-06-04 02:02:30', '2019-06-04 07:32:30'),
('ffc2863e2406bbd59cb0755f70e424fdc0987b9541b097955d8cf4dd4c0d4ae721b89174fe30267c', 1, 5, NULL, '[]', 0, '2018-06-06 04:17:07', '2018-06-06 04:17:07', '2019-06-06 09:47:07'),
('ffc9332992684fd459367c535f752cb95c2c5fc3931c5f5365247393d7269ea896acddbc6fc965da', 1, 5, NULL, '[]', 0, '2018-06-08 05:57:26', '2018-06-08 05:57:26', '2019-06-08 11:27:26');

-- --------------------------------------------------------

--
-- Table structure for table `oauth_auth_codes`
--

CREATE TABLE `oauth_auth_codes` (
  `id` varchar(100) COLLATE utf8mb4_unicode_ci NOT NULL,
  `user_id` int(11) NOT NULL,
  `client_id` int(11) NOT NULL,
  `scopes` text COLLATE utf8mb4_unicode_ci,
  `revoked` tinyint(1) NOT NULL,
  `expires_at` datetime DEFAULT NULL
) ENGINE=InnoDB DEFAULT CHARSET=utf8mb4 COLLATE=utf8mb4_unicode_ci;

--
-- Dumping data for table `oauth_auth_codes`
--

INSERT INTO `oauth_auth_codes` (`id`, `user_id`, `client_id`, `scopes`, `revoked`, `expires_at`) VALUES
('03e1f38d1812ebc4d1f3612af6377f631a461bd3112e4115022e972d32999eb52ad938443d10fb1f', 1, 3, '[]', 1, '2018-05-28 11:20:15'),
('040ce8b8f9d7ff78451b4f0fa5854cebe46544648ec6e77a0547e0da2c9cf25b91bc4f16eef508ca', 1, 3, '[]', 1, '2018-05-25 12:22:20'),
('04a1260ff09b524cd61281c58ddde7c2a09ad3af163d8b6c936fc8b75918d810e2def9dbc56a34ef', 1, 3, '[]', 1, '2018-06-06 12:06:54'),
('1e2e6c4b614b5d6357909278192cd2d5d3104cddcb0aa2d6bef8e282d791814f513891d64a3f63e5', 1, 3, '[]', 1, '2018-06-04 13:00:50'),
('22c8e22337f9e5a0703d1c72d718b4881936b85a3c46dd6d96fa2cbd878111bd2061402a600d925c', 1, 3, '[]', 0, '2018-05-25 06:54:05'),
('2464afdfc5a0adf7467eaa71cde1afdb6460ce64721c7b4a71e2d3aa372e3b33d71fccfbe082fb96', 1, 3, '[]', 1, '2018-06-07 05:27:57'),
('296e7459a6207bb0afcbaf80ba6d9fdbf0f419ec8f2270e6a42f760725790637cc07ac4544afcdf1', 1, 3, '[]', 1, '2018-06-06 11:50:51'),
('31fe9701b5a9612d1d114010ac172d3643ae926be36366f7f8d0b3aa4d29c6542e032b92038df20f', 1, 3, '[]', 1, '2018-06-04 09:46:11'),
('33b40646fcf139f353b40fb4875c2eb232469ff99d8c00ad998ba116d7b8adee8ec8f165537b115d', 1, 3, '[]', 1, '2018-06-05 11:19:51'),
('3774f622723ec988a7fc6cfd41f6fc42c6074185d1e107f75e064516f23b4e8f4ed1e2b7d72dbd28', 1, 3, '[]', 1, '2018-06-06 13:41:25'),
('38c2145e9c8e71af9a690a931670f4667619e2083d171b60221c514c2d1bc6d7136f40770b4aed61', 1, 3, '[]', 1, '2018-05-28 11:12:44'),
('51c8488c59957da5a6a2c94bcc7f1381dc1dd1391cc40061e2a158727a243791e455ec3743dbfa74', 1, 3, '[]', 1, '2018-06-06 07:05:14'),
('5231bd546bdf8584896ab5761bd7e0d031084651f75f32dbb38c12b560aa9671a2b44ded782248b3', 1, 3, '[]', 1, '2018-05-28 05:59:26'),
('525a246b418c58d486e721b5bc81335cf669deea26aa5204abc390a466d93c5a577db432bb48585e', 1, 3, '[]', 1, '2018-05-28 10:57:10'),
('5769fc6d0199e590d540c4ed209593f3c46199446b949d7d4522f1bd2f8e5d06b3e778f117e7aba3', 1, 3, '[]', 1, '2018-05-28 10:22:29'),
('5abc0fae4d7b453c5a2b265e9ca918ead4ac6167a58050cf2d929ba54be6b4a2f9bbff4f93f8029e', 1, 3, '[]', 1, '2018-05-28 10:23:32'),
('60bb15fe69f58546e03105a322abe292b6df63373b12486b4e7175c56f454750664f31140441e5c4', 1, 3, '[]', 1, '2018-06-04 06:07:02'),
('60c09d2c60075951c75e0b62924f7ce73f200a1a72c7dc931517015fe76da656cfde3458f3f15d53', 1, 3, '[]', 1, '2018-05-28 05:22:46'),
('66e6d1628ad3984d7f25acb58dec41435376ee75043872ab80d4692c32ebdaed5056bb0e2dd1de4b', 1, 3, '[]', 1, '2018-06-06 06:29:42'),
('6bf52dad0808bda398f68ef525a9d14c0b0194b179aa84a9844e1d990aa232bd20c52ed73607aabc', 1, 3, '[]', 1, '2018-05-28 05:26:03'),
('75dc36c24ec1c644eaf8eb9b69df7c3aec98e372ef0dae258e525b971164cb1a1978f02bc47afe4f', 1, 3, '[]', 1, '2018-06-06 06:50:07'),
('7b8f5617e5a5eb37a299067f806de28180bdba529adec7080ed430c2c6a870490259190f56414bcd', 1, 3, '[]', 1, '2018-06-06 06:41:30'),
('8065786774d6740fa278b0eaec12b4d6a2686474e359abc0b8573a554690c08f8e6f52fc45cfad93', 1, 3, '[]', 0, '2018-05-25 06:53:12'),
('87e013347f8befbd6c9a5ff195682394c6534feea59df8cfc196705480c74698b8aa1933eca0cb7e', 1, 3, '[]', 1, '2018-06-06 11:35:21'),
('8bd63ec4a18eca4502604740914ee752c7969b0f9abb33d6d052517f5f33e1530b874634d27a921b', 1, 3, '[]', 1, '2018-06-06 06:38:50'),
('8eb8c6f4b7c2626cd8a4f4524b3864d909b03af2539e6c34a93a02f29771c3eae8ef8168e20da34b', 1, 3, '[]', 1, '2018-06-06 06:31:53'),
('948089bd7f8cafcf7984945293d3478e3d6b9b686ccd31bd6de1747ccbe56ff73e2801bc1c756ecc', 1, 3, '[]', 1, '2018-05-28 10:41:45'),
('995854758d28de9ee6753046533ab03a6ff7414bf59599edc997a903147af599a809aec39fd4ee2b', 1, 3, '[]', 1, '2018-05-28 08:31:31'),
('9c4ffb596c4cad41a5fa45680f8253340aac7255c8fc968bf6f9bcfd09932ea6b492a96876b83f8e', 1, 3, '[]', 1, '2018-06-06 06:39:26'),
('a78ba5d48a2026b78fdbf6dd24b8e5d910d73fd848d8bdedf90933905312b11af07ab3b14f4b2c34', 1, 3, '[]', 1, '2018-06-06 06:49:28'),
('a9f0c32b21092d4a3a89e7ea5e18fdde2f49c7bbd8efe2078935cd522b7cc338d01a7df50c2c9401', 3, 3, '[]', 1, '2018-05-28 10:30:50'),
('ab58fac74814c229b9191fa02224fb7716dd2e7ddb2b0abe9bd74d4f9e31d14606c8cc60ca2efa17', 1, 3, '[]', 1, '2018-06-05 05:40:13'),
('ae38152f75c54dd7b2498cb0153f9e24b907e90361b411de434e1eb662656fcf01f8b52ea4258b25', 1, 3, '[]', 1, '2018-05-28 08:37:37'),
('ae51392f8a1d8dc976868dfbf53d584eb7ca5a43a97355c8c5bb1d3ddb48ad6c7874e9829c9cf1d4', 1, 3, '[]', 1, '2018-06-06 06:32:34'),
('ae63a79a9590b8a8ba94d01e8389d4bc06feb6e8aafe9b3d45ad0b83406266fffeb89be26f95fa02', 1, 3, '[]', 1, '2018-06-05 05:44:22'),
('b1a13ccabc22d40d40f9662d9eca702d7601da1e98939224ce519a201c9249824ab911a65275beba', 1, 3, '[]', 1, '2018-06-06 06:41:51'),
('b436c568efd909d34c15360a54643d7a480491efba80334ed2aab10c37747fe5b848176595f08a63', 2, 3, '[]', 1, '2018-05-28 05:59:01'),
('b757f3ed2419bd261109100163a7f70aa2bc43360283f1c7bafa5271e72fd0eade1e6e5f954bc73c', 1, 3, '[]', 1, '2018-05-28 05:21:38'),
('b9cf75f247488a323d263a57b3fc3709d5ab2f4e5208667351648e19741cf37260be40f42398b8a4', 1, 6, '[]', 0, '2018-06-05 06:19:17'),
('ba55dd508210f4963968e2c084a5f4c6223460b386953b1004473547a71a0162a33837c54755f2a2', 1, 3, '[]', 0, '2018-05-28 08:32:02'),
('baa84c674f5abf297d7d2c280dfc9ca5ca43e899db7146468046356a10db4c7ea634cd8bd5a54272', 1, 3, '[]', 1, '2018-05-25 12:08:29'),
('c36af8577d93ee23658352529bb5c6e67077b9d4bd828c070ad50f34f6a30ff95c0e7f97a685749c', 1, 3, '[]', 1, '2018-06-06 05:59:23'),
('cafb7a89f2c35f17ba3fdc7a768aca8e446220fb534cfc037e883b136db908034615de7c95f8ff5c', 1, 3, '[]', 1, '2018-05-28 10:24:48'),
('cfd549bfd96d475017dd24f2c7cd43c3b13e26157e61b3f766e45c982d09f405454ae3929b9d88be', 1, 3, '[]', 1, '2018-06-04 05:37:21'),
('d1f263b031b1520a0c8d2a5deb058d878e2c50e538e2b36183e94dd05e5dc54bd3a58dd8f28e19d2', 1, 4, '[]', 1, '2018-05-25 12:48:54'),
('d2116c1bacd1982bdee1e0be012b82523297b4b35c533451e285416ffc796132755efffca259c446', 1, 3, '[]', 1, '2018-06-04 05:37:00'),
('d24ea5e6f3b6a2e6becfd5f9440b15c45ac681ea922d08ed5e4752d07160ca88da8c5ae0dcb04642', 1, 3, '[]', 1, '2018-06-06 07:04:28'),
('d504167df154754a2c06da3b0fc0fde519a31ab142afdda4c677f4826e8ba64fd53ed1cf92e98a7c', 1, 6, '[]', 1, '2018-06-05 06:18:45'),
('d7e3406e7cc3c8ca22468460a7dab4f4fda9865791f86e5bd4856af66b9c9b2d3c97af445a5ea192', 1, 3, '[]', 1, '2018-05-25 12:09:47'),
('e0b6b95bca169b3c8ccf2919270d72cd899409791af932be23cf429ed330b743b47ea5b3d0701928', 1, 3, '[]', 1, '2018-06-04 09:43:57'),
('e183a7ba17357fec3a0e4c1ae4cd8fb2bccc2bc825466d144a20a3b8a58c5f64ee8e6f50195336a9', 1, 3, '[]', 1, '2018-06-06 05:33:12'),
('e322122a1ddb21345a345d07a3611c60151ccc53c2336e00f34f54a43ec20d1685316eb94f11f993', 1, 3, '[]', 1, '2018-06-07 05:27:36'),
('e57f56d0707582c2bac4b650d67514a6a3924e8d745295b0a09639ec5cc6008ba279785182c72ec0', 1, 3, '[]', 1, '2018-05-28 10:24:07'),
('ebba81c584c641abe777be7f2628e7dcd88c55f826c7ae684095659460973bfa41c1a3d664d1dfec', 1, 3, '[]', 1, '2018-05-28 08:39:32'),
('f4e410f968d150524f1cf9d02d2f828ca75bc2c5f38344afe2af15464da58462ef8b21c31c2ad024', 1, 3, '[]', 1, '2018-05-28 05:28:39'),
('f653240b20a5bb710efd26581c579c6c39ee9d4f4b00aa385e32245718bff0c05649f6f1ae0dfb77', 1, 3, '[]', 1, '2018-06-05 13:14:29'),
('f92afb3808baf1beaea01377a49c07351bbd6bfef910cc0081a55a302488bf5dcb6ac9f198fdae9c', 1, 3, '[]', 1, '2018-06-06 06:37:26'),
('ffdfed7c91d10ee7908e4f9f14439c9e9349fa86e0968785a310ea1c6acb245eb5c6bd74014001c2', 2, 3, '[]', 1, '2018-05-28 06:00:47');

-- --------------------------------------------------------

--
-- Table structure for table `oauth_clients`
--

CREATE TABLE `oauth_clients` (
  `id` int(10) UNSIGNED NOT NULL,
  `user_id` int(11) DEFAULT NULL,
  `name` varchar(191) COLLATE utf8mb4_unicode_ci NOT NULL,
  `secret` varchar(100) COLLATE utf8mb4_unicode_ci NOT NULL,
  `redirect` text COLLATE utf8mb4_unicode_ci NOT NULL,
  `personal_access_client` tinyint(1) NOT NULL,
  `password_client` tinyint(1) NOT NULL,
  `revoked` tinyint(1) NOT NULL,
  `created_at` timestamp NULL DEFAULT NULL,
  `updated_at` timestamp NULL DEFAULT NULL
) ENGINE=InnoDB DEFAULT CHARSET=utf8mb4 COLLATE=utf8mb4_unicode_ci;

--
-- Dumping data for table `oauth_clients`
--

INSERT INTO `oauth_clients` (`id`, `user_id`, `name`, `secret`, `redirect`, `personal_access_client`, `password_client`, `revoked`, `created_at`, `updated_at`) VALUES
(1, NULL, 'Laravel Personal Access Client', 'FAzeQP6XTe53W0ZLGKKu430Fs7TskdJOK3tQ7rkD', 'http://192.168.1.94:8001/', 1, 0, 0, '2018-05-24 07:59:26', '2018-05-24 07:59:26'),
(2, NULL, 'Laravel Password Grant Client', 'YzxN32zrHLxO699ZcAYrMeafn2VgUTTh2nyu2xdN', 'http://192.168.1.94:8001/', 0, 1, 0, '2018-05-24 07:59:26', '2018-05-24 07:59:26'),
(3, 1, 'Todos', '1aOQRDHsTjFqEPvAuLlOkKyYh1Y4XUpxsfe9kDOD', 'http://192.168.1.94:8001/callback', 0, 0, 0, '2018-05-24 09:55:01', '2018-05-24 23:43:10'),
(4, 1, 'Todos-Postman', 'dIIJjMFYrpph4l4ty8GqQu9Dc6XZTadLnAbtiKt4', 'https://www.getpostman.com/oauth2/callback', 0, 0, 0, '2018-05-25 01:25:39', '2018-05-25 01:25:39'),
(5, NULL, 'Password Grant Client', 'oqtwKUNUjkA0Tn3FabueHqz68age4eNvkq2s3dcx', 'http://192.168.1.94:8001/', 0, 1, 0, '2018-06-04 01:37:41', '2018-06-04 01:37:41'),
(6, 1, 'Implicit Grant', '11kMJFaiBG2T51uhQcPuIpTBLtyM1fYIEFJWohxk', 'http://192.168.1.94:8001/implicit_todos', 0, 0, 0, '2018-06-05 00:37:02', '2018-06-05 00:37:02'),
(7, 1, 'Todo', '4hxhoQxYuyqavxfHx677ZeHUCOTGBxvK3tjWo6bx', 'http://192.168.1.94:8001/test', 0, 0, 0, '2018-06-05 05:37:56', '2018-06-05 05:37:56');

-- --------------------------------------------------------

--
-- Table structure for table `oauth_personal_access_clients`
--

CREATE TABLE `oauth_personal_access_clients` (
  `id` int(10) UNSIGNED NOT NULL,
  `client_id` int(11) NOT NULL,
  `created_at` timestamp NULL DEFAULT NULL,
  `updated_at` timestamp NULL DEFAULT NULL
) ENGINE=InnoDB DEFAULT CHARSET=utf8mb4 COLLATE=utf8mb4_unicode_ci;

--
-- Dumping data for table `oauth_personal_access_clients`
--

INSERT INTO `oauth_personal_access_clients` (`id`, `client_id`, `created_at`, `updated_at`) VALUES
(1, 1, '2018-05-24 07:59:26', '2018-05-24 07:59:26');

-- --------------------------------------------------------

--
-- Table structure for table `oauth_refresh_tokens`
--

CREATE TABLE `oauth_refresh_tokens` (
  `id` varchar(100) COLLATE utf8mb4_unicode_ci NOT NULL,
  `access_token_id` varchar(100) COLLATE utf8mb4_unicode_ci NOT NULL,
  `revoked` tinyint(1) NOT NULL,
  `expires_at` datetime DEFAULT NULL
) ENGINE=InnoDB DEFAULT CHARSET=utf8mb4 COLLATE=utf8mb4_unicode_ci;

--
-- Dumping data for table `oauth_refresh_tokens`
--

INSERT INTO `oauth_refresh_tokens` (`id`, `access_token_id`, `revoked`, `expires_at`) VALUES
('00433ae0218d5db22085930eabb8bcc80ed7d26de9255a28a78b21e7aff5bd022b76c24551831706', '4acf435dbaf034b66c4d0db36d194ffdb90d80339658fdb68be084dc647e9fe0d5f7f897e130956a', 0, '2019-06-06 10:11:32'),
('00bc00b0bc23a0472a87b762e9694e6cf51c21e30bad08efdc379123a3930ddf71c74e1ef1be55c2', 'd8e95671329da971f6afcbdd7ddd1b2764c2877c31af79dab3deda144a9304317cd9f9f1b46f18c2', 0, '2019-06-07 12:56:46'),
('00e70d0978b74a23760e331bcb9806a96a143c9e58f0a63028fd56e02dbda3cbab2e8197fbbe99f7', '67a33a878d240e1922e9b7a29dde0e48214286b5df3ad22ade278b5bd260d7fc8e075148ac1653bb', 0, '2019-06-07 06:21:08'),
('012110b808dd88afb04d3bde27ce074570f919a6fe5fabf2e253754c0ae5a45ddfad23566da34209', 'b783ede40aa603ff1bc8c51365ed03ad08c2cee0db3af2584e317472e3cb3110186f28ea245d037e', 0, '2019-06-06 08:33:03'),
('019564521b910c81beb75dc043a8302c34869f3451b45ea22454933284c0fa4c66092da14253e7a5', '60a1d62110b6a7d2ab586bce8cb41183a4f71533f2eaa85dfc05f9714505f4a56189c848e46c5905', 0, '2019-06-07 09:56:21'),
('01af306394a32a2a64544b666bad37955d8a020aeb92f002c46ecb50b0b94fde56de9de278937616', 'f18fe05ab26083afa83e9aa9db7713819e383a40aa2d43e4ffd006c2ed15d654ee1559460fa21763', 0, '2019-06-08 09:48:44'),
('01da6182b2fb65d63821057224726d9a63c15dd7cdae46e70ee9298963111e8dd184e5e4d6a0f9eb', 'c0f9b11009ea6503c15b11196b9875beb35fbaa4325728c44fab99dbb1e1f3af9c83ad46b750bf52', 0, '2019-06-08 09:46:16'),
('01eab15252a916ffbe2ee719fb8d2c0bca9daeb0193782e3927829045fc66845a4cdabc59a4eb70d', '4d4b9f9fe8b263acbdc8706c54b6a7473c8c1db27ed42d455707d70980b0046136ad4acd7e19d4de', 0, '2019-06-06 05:35:49'),
('0220780c74965b71b18abc90f6d67890d2ed647774b3237c675696e4d5f9b1277175bc32238eb048', 'ecb0ad155098fc4690025356c241333d2cfbccb3c378ebc6039443e0eed9115a4e7531ac88803c1b', 0, '2019-05-25 07:10:36'),
('0225cd3e4f7f7c16847dbcf6cf0bd4e0911eec3f98ac272d6114260dd9d9ffc5bc1ea21dc0bc6bd0', '05e093e4c281985f078c976b3d8ac89fdf8dbbd0b843de3e57b9e6e09586445fe2f26221c3460bd7', 0, '2019-06-08 10:25:27'),
('02a3f5a256b52097e25f234d79f9b9b0b65ec5b7962f79a16441f2e753cfede396f7207142759644', 'a1769d307d7776224b480de6291ac027d8ea2ebfef74f2a2e03d1e5eac86f2338bda7f4b4b177bc6', 0, '2019-06-06 10:12:43'),
('030c2429c51df46c58e4e20b4680485e7d61598029611b3754866b8b5ab7bb99ef28c5500fabc830', '0fe6b9c6bab92a88b37d01b3a7a308e586d9c38e25eb72d0ab94a6479aa6726a0fbe16a1e578df69', 0, '2019-05-25 06:37:04'),
('03487f3235b8b84044cdcf880d373662e35608c107957e4d780229ee2e46f6b1ae71eb678245acef', 'f84eaadefbb1ac4dd43f05a569e485bd7a19aa0c26a918e09ef4cd4fc5c2e23579645eb6822824a4', 0, '2019-06-07 06:56:57'),
('034c6b6c740cc552425f6c7e2ce9dfba7c0428e47ed136deb3c69fb48d1ca64028ff2fbd678c249d', 'e2dfe91df8d7743088a530d0629413166084f37cdd56c8d29b7d419dc10bd340039dfc855010aeef', 0, '2019-06-07 10:23:37'),
('036bfc5c0be897846a7dcb8e57aea047d93cdb18b9fd7bee6e02b5434a31cf7a302941320f63b439', 'ec89713659c8c3aa8857783cdac53396e1282de5174d5c6ed49fae16853f0dde6d060c6fbd434d40', 0, '2019-06-08 10:35:27'),
('03938e7ce2a985328ee730c490fbcdac4c2d90847d98cff8593d5fb51c45e20c6b49ac10891f912b', '347e680ad33282c4cd12d29d60dcf888738a6d5825fe84b2bb8cdad2e008866eec86d1b7a9684727', 0, '2019-06-06 07:11:08'),
('03df7b20d2e9685d3e89785b45066276934d05b7574579e027b0c425ded2e614e0384b051569ccaf', 'be16b7eeefffc9bae8af125e41bfbabc2d1b093f755f0a8c9dfffa7b4549a050ec68b844c3c70cbf', 0, '2019-06-07 09:58:40'),
('04242f463d0dc3fc2e3171a639d48f1cc862f3ad575536eb5d46506207a6b7fa34aec5c24ded2d6e', 'f08c6e38f311df69105b2fb7a02beaf2f57aeb69f9638db401398135e1a6f8dfa1a1a6eb08ae9168', 0, '2019-05-28 10:13:33'),
('0454c7f591f488ddf394482214e2e921fa3ae9696571185dea9c86ec3dcbd173abe88564ceff1752', '81cc6926ec42eba01d37ce2f9852dfb8a293c0d922cc409065c15f3579ac3c83ad6498f13f7cf03b', 0, '2019-06-08 06:06:00'),
('045e6b89daee048207401716ff8761bb3171f66db08ce746ff7a69b430fc3ad5350f8b78125f2870', 'ecc6ec28e42c3ec36f9933a1cee12d8f6cfa675e02c6810c20e169fac0bc85e8f19432e5c6d5e6fb', 0, '2019-06-06 10:40:20'),
('0489d0afb6455c26e26f49b491c84347465602430505e085a179ed5af65c052f7d4daa92fd4228f2', 'f91e0f1e27b45f975e4524a101678c1739ddc04743a2419fce9e2c9bb9afd1c164df95ba54661807', 0, '2019-06-06 05:32:50'),
('04b7e71e178ec23b46a2d2fd218f3331407fc4b2d192a1be7e50183931ae94b9baee26ec9c7ca647', '143c135cd256078a33f8876d702f86188b405da4e46433a8d178ca290fa4e093ebbc56cfcca44490', 0, '2019-05-25 07:55:13'),
('052f77865be4aef96acba96f2ea18f1eab340b8ba2fafe8876e9b9acd403f2b0edd1707e007de582', '7ffe63512175c0d6c3b6534310bcd7bdbfea035a6d22a25c6243a5f8cb0a8e5d1f6a4c83cb725898', 0, '2019-06-06 08:53:58'),
('057c9843b5df4dfbec4d720f7144eb17e0f5cae00724f199dcdef912718316652d15b73641f7edaf', '28b6df51d103337e52dcbed2af39aebb5fd3c5670c1990f5bae92cfea2536d8903a5c2c40325714e', 0, '2019-05-25 12:38:55'),
('069b42b3fab430ba08879c372a712a2fe1eda990a192409298dd2f0601d727dc27d2927fd4f0bf51', '40aea9b18a72df24ede64a896b0447245b7e85cb130d761e1530b25b89dce9f1b249c31aae83d9c1', 0, '2019-06-08 09:48:43'),
('07055c94dc96bbf676fd11930b77ed05b0d231b4571720523d75a3fb0b584571b774f83b0fb179d8', 'a05b3dde4b4670ec7843044d6545aba98ca9f266f7aa567182cc33d4a9422c239215c0c88c97dd3e', 0, '2019-06-05 11:49:25'),
('070f7854449b43b7ea718cdaaa07fe4e7b7843308bc61c9ee43a0e15ed83a29737965f00b3970c04', 'd21129289eeecf0745ec18cfba34185a1497d768bbfa9d519c3ff2fe80786b0cb503bcae972cd112', 0, '2019-06-08 07:34:06'),
('0863148f779aed767c9f327e453277eefb1da8899c9e8a0253fe4bcde5e1828dc6f5e735638045f9', 'd57ae98f67dc590eae5e276095512ec825d99204d9bcdf5b5c0b6eb62d7af5f8645756c4a2494b35', 0, '2019-06-07 11:34:39'),
('09211ef84903245448fff4f117d64aea3c50a70acbd9b565cfd6ea5eb74184d4936fa37c2848f6a2', '94c25ce6f44adabf70b325cb0ce62741921250e942c3163c43696b41fd91eef29b18d621befba950', 0, '2019-06-07 12:54:02'),
('0a58b09b33cf89074f969b1dd98b6aed49def4b72cdc3830911ccb9b9d67c98bb774c49a9e527fc4', 'f300832e1db7b41ae5579328ca7382228514070a934141ae7761e138df3410f3c3d6c1b2c2de7edb', 0, '2019-06-06 08:30:52'),
('0a6da62500bab5107570980981541145961f62db0724df915f7b3836b9a0a1417caf874f652f5c4f', '10cd7cd8afe0897f0df625a7cd9e715dee451464e34678eec158871ca04b7c899d966fcf42832424', 0, '2019-06-08 07:06:24'),
('0bf38efcbd24a382c20c58501c88722d2f24d1b2047f112a881afecee34c6cb54075f61b259f2d69', '8710233d9a99fcb0e854234d92a90afeeb46309a850e87ac938a1c8c852c73a7d655f81493493226', 0, '2019-06-07 12:57:13'),
('0c1c884d0b1c4e94098a6e95df931cd81d1ac73c53246fff1242aadfd1f455ec395ba07b22afa01d', '8d618801e721a77cac447327792e93f4b905de0bd0119ab10ed1a2977b26dec19bb57132aace90c5', 0, '2019-05-25 11:59:48'),
('0c55793fe3f66564fa6e1ed475e40917a67b43e7a9d865bbad3fe6f36081552a7afbe95d74b1e382', '0623b418e6f7ac2bb5e5ecb4be02153aea41cdfbceeafbcdfb6fac883a7ea6d9266141d27e0adbce', 0, '2019-06-06 11:57:40'),
('0c6767f1ec450a238ff121612626ab8f7e158bc90439f0989b614bdcfbf7897c837ed4a9d4d5fd68', '667ee0843a5eb9ce428af6d6af6dbff49748a82fd427d295de16e08918920b865b32ca8103b9aad8', 0, '2019-06-07 10:39:37'),
('0ca9de8e46212533cc09d5eab360ba8e0557d93145cdfe3f242150d5e33b9493a3b5e97c8ffa3dbf', '4d13442f894410d35b096e47dc8872ebbda998a946b36fb899c00209c485a25ae359b99fd23676bc', 0, '2019-06-07 12:56:21'),
('0ce279ca78fb6bf01c2dd26e0d471831fd1ff039b15978f1a59571565b4a8368fbe9d8e95de85acb', '9cf6ed143b3217deb3e3c2a7dccc67b1b5f6fd0ac8ac897ee0dc6cfc6cfd8b3d2d5aeb91a2c880a4', 0, '2019-06-07 05:17:37'),
('0d3b67d5427057185548c77b6f70b86d31cd55f07bbb830b570ba0a790b80af20cbb713501caf7ba', 'b0b64a446e0bbb7b43c180067c6f8d27c331a4cc63ec2e8477bb089d09352d71db59e2d322e974dc', 0, '2019-06-04 07:23:43'),
('0d517f2e4af980bc452baeec1d09b322026921ed1afa6ce45f76623b71acdb7b607f80a2ba267576', '4c9947cfa630350317c36be0af0337c27eca33b87ce0b36df76be2e8f3e20a12a4af22a027ed7e08', 0, '2019-06-08 09:33:27'),
('0d7b61ac1041770169c52f38f0ba454e8a6903001960a20c7fe892ea85259e48e96c4fc6177304a7', '49305a8f02b185f8a64ff2beee05318c82544551c2428da124126b3ea74fcff0b924ee7856468a5c', 0, '2019-05-25 08:06:11'),
('0d950ec6cd0b3b35187e5237e7fb3b6b06e299fda137fe3e152a1e58385605cc46eab86af487626e', 'e5311c54303e29ef8076066cf73fde32a4a08f2544c62597a4d278235ea67af180697caa7d5b9f66', 0, '2019-06-08 11:03:32'),
('0d9963046cf6e7dd6ab1385012c75948dcac813c44632fe17b37a849f94e266bb4783a5b882e441f', '925c29bcbfde80be060a173cc807085acb0112fd20ce056b87de656a34d24b08d48980afef30a69c', 0, '2019-06-06 10:00:58'),
('0e38108cc86522e168371df92e35f6568bd5ef985a86ecf9ebcbe9ca6d68eab31a32c138be6d4bc2', 'eff487403e480800f85cff9ed67c163564f79ea2727d0e3792ffc982fbddbaa65f6e8e3416604dd0', 0, '2019-06-06 08:32:22'),
('0e3c74053859446fd1f343b44f1fe2c8b61aabe5012e426acc8d17083067b372b724056f167dc2ed', 'd9c999d5f792359d3a2e3f56f6ea4dd4ceea5d3f3e9b2f0ec0d3c6701b7018548a55391c0645f9ea', 0, '2019-06-06 10:23:00'),
('0e3f08125760740581277c9cf061385b97f31d48201794f78d53507c9607ac4bb96b9d6fbc97defd', '8705ccc453d43104f47c3f05ca9407f9e106cfbe95194a6ccfac92c47f3f1ea7bd44cc558e8239e2', 0, '2019-06-06 11:25:53'),
('0e4fdecdfa833dcfded249274d21ea698ec860b600016431b9857355a58c9a11acdec318094c27c7', '33b571bf0f421da402b136044f432dc1a099ccea57c6fd9c00099b5cb75676c7c71285c0926538dc', 0, '2019-06-06 11:22:55'),
('0e5cc2d2e832a242a76821136afa0d44fee9eab155e182e802e3e511aeb152b94a6b04b8a5e368fa', 'cfdffd6f82a234a994df19e6064100aa224820e3e337e05bd071865b3afc6c15c87578980cc56d83', 0, '2019-06-06 06:19:43'),
('0eeeb36703c6d9952ae26bd0e1eb5945fe999e34f574e37f55cdf70619ed7abb007be41e9ec38424', 'fb8c7661c02437a61fb3a5b6de7480568822754ff5e47ef0bb6b18289399899c43bb53459a50625e', 0, '2019-06-07 10:05:11'),
('105ae7b2d812a362e05632538cf02c5d5a4614b9680b3d155bae91fb5b5258b29d51ffc452cedaaa', '57bf1fb5cce71e7221c6428d802c7c26824de29da20236d5ab2d6188ba20b7f7b54950d01ad84136', 0, '2019-06-08 07:09:03'),
('12037ef66ebcfedab9dfaef7420cfed39491eb45c833de267aa4ad97e224afcb4881eecd50de27ae', 'a29613e2ba0a7f860492f76b4cf1398161845bf9f2d4e1ddafaaa89ce7deff00152fe62869c3a3d6', 0, '2019-06-06 08:03:13'),
('1212b3a036133be8533fc1ab46c519ac1576e340eab03c343a76e04b0c645e7c8add0a00bccca226', '26c7448d3365c2ebfece2385d30ca6edf1636a40f8c1f8e2b7cdcf281e17d4134e0f1213404e67e2', 0, '2019-06-06 07:30:46'),
('1317092f985b89b6d9b10cf01bd1d00995db57dc050f96b98c9fdfc3df69de13543e7b9af335db09', '6ff791a696d1349eb7562f57c1c44adf8b7b299260e605470c7ec22976d28e107b573bd9f8661a2b', 0, '2019-06-06 09:47:34'),
('133d2e30acfcf6e120eae44ef7ec21ad17620fdeab0d14aef7247c62e796f85dda1e6df6b5fc316d', 'f0550b7c397a05c9064ba00ea77cf56c88cffb38120c8f0112267d8f8c350250343f04b6fe8b07d3', 0, '2019-06-06 10:30:51'),
('13ec2c5c761059516b58984923d937a52873893b8a6e6be09099436d033e756573d2e5045badfd7b', '426c548b17e0b397bd1762d5c833f947f2711c75c578461a7c8b29bf74b61b993b3137b60ddd36d6', 0, '2019-05-28 05:50:49'),
('1446836bd5f8c30117150b50a1c23773900afacac2416a04a31940557fb93e311e3622ac25de0e61', '49bb6087f7e52a952a9f077a8902f59eceac2ea3e22bea943136ae14c0ee1299037e0bb91fa45589', 0, '2019-06-07 06:33:32'),
('152ed8fa15b6a47b0403ee6f40fe51e875ecc5d94b4c607e686fd799515282da98b20a3bd3b28a3a', '933f3e36a07bb9132cf2f1234f8dc556d28093d9056269502d0cefc5b75c41b58222a2fb80bcc468', 0, '2019-06-07 07:03:08'),
('15fdde8a6346df4ae37611f85315df87f4a5133323b64f494af0554b539eb8b85b76c9e83b407616', '143717974e12358e913dfcf107e9d22fee71f6a9d26b53128f8ad0a275d804aadebc021b00b87974', 0, '2019-06-06 05:34:43'),
('161a93767b37eb7d0137ab27a9755a9fd0a17f180decea8a6ddf482732794ddf454a67b1c89e0eed', '3a35d401de63ba9f04d10b27a6947b61558aba5b544e94327b2cbb822c81553302001fee8411a585', 0, '2019-06-07 06:38:25'),
('163190981f4a99853c5ebddabda579f6c11524a9496bcff3dd1b8625da4514a887a4735d64ff4c82', 'cda8e39dc6ab33029f58569bea585dff835eed4082fa1c952a87668d9b097b537c93684f6f267d4f', 0, '2019-06-06 13:01:07'),
('1688b9fc1b6f358ff6b7f0196c7c3d27495d05da070508f7473c9663116d285a9b54a4ac74fd7fac', '3eb67ab1f33e01b33bd67e960b8fe420221b1ac020e7df1826c03da286b183ef18c75a536a96eb24', 0, '2019-06-07 12:56:28'),
('168c71b3ff67d8dc4bce644a18c4372095bcd60d1a5678c36a01a38989c0ce90c6cb91761f3ea5e8', '62412d2d87f07ac3a4b8824dda6652b539c0d392acf38bef1c351d2ce873f467bab8fc39a5c42cdf', 0, '2019-06-06 08:32:35'),
('16bb0518e95a84f2f4241e9ff06bdf4604e0f1255dfb663308f121bc7d926073642e08c8bac310fb', '9de6d30f8a68338d872740239f6ebc8b54e009dddea49c26e07e89a98d4718b53605d0a19b6b5174', 0, '2019-06-08 07:10:33'),
('175cd51d990127d08ea420406db6789289167eb0911f98f641c5a4a603622e5c298113b650040363', '58976b840d1089ac09abe5f890db276b94956584a88142147f31131b6837b2bdd51dbf3c19ca7f71', 0, '2019-06-06 05:23:13'),
('1786fcc2e038c423bdde7cc8397316b67e6cf785837df85b603ffdda04d879e28782ab2cc0c463b1', 'a10be91cee7857a38ba7563bca0cbc377d5c8d25996ee2fbbb111d4d7b0bdb138d9b5f17fcbc6598', 0, '2019-06-07 13:51:44'),
('179241d16e0c48795da2f01f1c1a64b4d2286e52d6255fc89b4aa6d2a820c453636e692f48d72cc4', 'e7d637ccb08e5cf2bc25ee640e04ba07255bc8dc56d62ea11be9467a3ace919d0621210893a6fa7d', 0, '2019-06-07 06:31:38'),
('17dbcc2579355f51b9eeefde5229b9474f6d29ff0b8e053f3694df2aceec60742f337240ec8d5e7f', '611df6b81622b9fe52bb6760744ac2421890d67735999fe14a8f829970f0cfaf9814f2fe5c4d2095', 0, '2019-05-25 11:42:43'),
('187d7380c9dda8fd22a73f3e396cf3288bcfc1a40d485c23cac15081b24525f174ff9217d6ad8fae', '5d0e2f2e532a0731fa377b279a0e88cb855b76e0f03c77ce9eabd8e4f67e1f0d93ede280d813640d', 0, '2019-06-08 10:37:49'),
('1881d2be523076e4057380f4e8e871dcbb2f768424bc6c58fb85a84d5e94bd6e7c4f36f421d11a5f', '888497ba09db8c6ea370008e65df41aa98d43a74c39bf3c0c57b3894c3720bb3f9a59555a6f2c2b5', 0, '2019-05-25 07:08:57'),
('18b7a101d9be99188ebcef905040e8069e7320c5eaef8a4c92393c701131b57291be4852697909b3', '96b0189965d1ff4144786d80991fd41a080da8846e2f24d1c9ade8da7d30f87bf73dfd56ecde3db5', 0, '2019-06-06 08:59:18'),
('19c02f11c8348a83ab68c85d28e8d7c16c780c5ed9f9ecb769426f16431872656a54bfc5186ce26d', '4e0cb215f2994d1cfd818c26e317fdc7473e9e73f2f7563fd83d7791e58f005b956d4469e070f8be', 0, '2019-06-08 07:10:32'),
('1a0021fbbe1095e8d87c276d31efeb37c8c294bb7c63d7c8577fbca96e98b3427862c55b85e5f52d', '5e363d2d3b1e33a3f9f6b321d01dc619225b2479998a1040508ebc36f842b8fb0ebb3bbb91c2229a', 0, '2019-06-06 08:12:00'),
('1a2839375bde25b8715b1bd4f6458e217114bf5c7a0fdefc083b35dd6bc141b51b76510fcf59315d', '54c08d4e44873afd9bfb827917169a1298f9ee050e38fcc9a2da7dd4f2db0c5bbbfb6b7685d1c44f', 0, '2019-06-07 13:49:35'),
('1a5bc29b76e32b6a3deda93d882c456289ad9a020485c3d3bb82ce6bd9b8d8f328622866503cea6e', 'ffc9332992684fd459367c535f752cb95c2c5fc3931c5f5365247393d7269ea896acddbc6fc965da', 0, '2019-06-08 11:27:26'),
('1ae039aac78a5a740fdab1b6b1dfcc6b02491758bec502a629267cdbf94fcdc1b71c8b094e329c74', '9ca2e683d39fed35c61734060ea3f80fd33dfc9656cc2e13edbae3a6cbf8da6749a96c3d9eb12b2e', 0, '2019-06-08 10:39:19'),
('1b03179adf063cc2f5d0807803d03dd1cd03fb01ca7b19a54b9d3f3058b3ae874fb94bdb2f08ae56', 'e86b1ca6dc7d3115a88652d94b97c68c59b185f28e33ac0638c88d78d8c9dac82235e0842c99cb86', 0, '2019-05-25 08:09:52'),
('1b50c578da723b4b8f757a93cd33f634df107ebddf9ff85ccb3ba3c1b59b218d74af0bb0230e56ca', '6e9866d4d073cf2ccbd11ba9370c17db142049c21ab2c1dcb6f9d379c2c88ddb3ba11e8b796422e6', 0, '2019-06-06 09:27:14'),
('1ba557cda3ec90cb9685491f06072c337f9fa71e5cdc5b373faa28ceb00904edb204a6d8a6fb4ca5', 'c9ef1039a6ad05482ead74ca221a2a35f6286c7ed35e1bdeb42bc0c630ed95a852675a7e7efcf594', 0, '2019-06-06 10:47:12'),
('1bcc7fe50013ee8e0221ecaf6100b47eee3a24f024a926294a7732e3395a29f9d569158f86a8276a', '2ac32e5ecb3241c2fe49622903061cf89ea10a267099ee9e2a99955abd1da4f25ab04e474446f130', 0, '2019-06-06 11:06:02'),
('1c464957d217adcf8f1b56f907f67e6b790ed75170d328f6185ba29f2ab7dcc26188c8ad10713db6', '5eb6550a95a76ad369573c0f714e989e75d45aa1eaf9480ce32020f2001c717c5ea2dbfd6cf3e2b1', 0, '2019-06-06 09:47:43'),
('1c7219c69308d61b92322e106ca70637ba7714bd5a72129c1aa161229a08cc03dbcf9b161e206ec3', '85f11466adab48763efb131a2045005394a989bc87c149f858393e26801d0717d71ebd3ab07e2668', 0, '2019-06-08 10:34:14'),
('1c9ad9d61997a241a84820afe922439dad48982c6a9d55944ea08f69d8c98dc401c4944029aca3f1', '68086561623d80d97eab460775d72e4ca4b0fa605c05be7f8b490f6f90b9058269f86546846da799', 0, '2019-06-06 09:36:21'),
('1e4bcff73f156c7c6d87f09c60bea45d66beecd16a80cd74c4324070f9a5bca056e6694f3972eec4', 'ee982255f0ad00bddf14fe1f2001df5b36233274a5222486742212841292b99fb78e79bf716b4fd2', 0, '2019-06-07 07:02:30'),
('1e6a8b191555dbd80bd93aaa7578b4b40d86b0b10b2788113a632a912f0546762fc5838606bc26e7', '30479c980830e7c40b1c809217995f40c823389e1a68096bd14813f8308160846471ee7759d2da3d', 0, '2019-06-07 13:06:01'),
('1ef1e99e2b0d4bae4b0dd217f49745ba5d431ad118b6db7f4f4439e7bd7892e793bd848999db32de', '3f77b9326e24e07abc2c02567aea77e940f2da1e79fecd347a485fc18e3404880f3b10061dcef7aa', 0, '2019-06-05 11:52:00'),
('1f16c50790e6475b465aaa540da05e967046d355a3142d59c6ab859f20ac259e07b68942cc33c7a0', '29b9ad624f5e5b0e3b80bca7510c8705ac2583189a1cd5d05de04aa7c47acb533dc7e5c6ad041b55', 0, '2019-06-08 07:41:17'),
('1fc69e9bc3076f39bb862f12382ef8a038e5bff0c735746cf3796e550d5bcd24eda768dffb8d615e', 'e159be5059a26c42bf498ea1c0aa7a75804dff26258810615a7f6b60aa343796325cf8d710196b32', 0, '2019-06-08 10:24:28'),
('2001c635941e91063464ed8264786d217cbe51fe0638a2d89f02ef225bc753a9fefe84e42002d2a5', 'f868c522c9e7775083157bc773b296f9f27958fe8a753db2e97c1a2993997135edf01cbe6f475756', 0, '2019-06-06 07:38:23'),
('200b2e67486e28b5e909dd1fce4742f763273b7de0caf32f8106f90daa6870384efb0b4941df4636', '613eeef3f5090ddfee7ba204077cd607c60e3c3869cd9de0e4a1ddb296972d1f7891a9d7c3ba5523', 0, '2019-06-08 09:33:19'),
('20597bf38959c7568ee825b9158f6beb49fc0044d622d55920f20af14190aadb15a27c7d1352f4d3', '08dff25343e2f01e7b88d1f93d2258004db785a2f854fd8ad10a3ad418d9c26e289488c31f09f319', 0, '2019-06-07 07:02:49'),
('207fe98b8bab8ee6f9b9421f7a185a0e7e49cf7832dd361bab356b308e7bd8fae662cf3ab4397ca8', 'e4bb301cff673d1d627f75bedb707e3e17845c23609c14d5fb90090087651205e5b4a46f161a9991', 0, '2019-06-06 09:17:32'),
('20fbb78fefa5880e1168f7518d123f71e11a6f0cca995e672ba4b5b54b4b31f7917f107187e09891', '6c4975cac65a0090922aa4dd09adc0e47bbfc2851646bb25b46b90b76c6eaf01a2d43856edf35828', 0, '2019-05-28 10:14:49'),
('21495407e095bab239d9236e2658efb414c798a9308bba70d3b2598bda360f6680eb5666a3cfc464', 'c8c8c1df585050c33d76fb6b45c951180ba945a3177a5bba91d666347f7ee746ce710dfc6ff53685', 0, '2019-06-06 09:46:28'),
('21497b9c7bfecc453fad1229159d325480d6125232544fafe4e4db699e2d7be1347f913495c7120a', '7213a7a94ad5d41ff4a0fecf9025f85724125877d6c956ba48a3272731d41da5b5e2bb2ef33a9593', 0, '2019-06-06 13:31:26'),
('21c07b72aa69214aa7e461ab0fd96698d94b9758d5945f61ddab1dad7e04395b6f7fa062001b1d3f', '7215e4bad8c82ad71ee226023e1349cd65ec03103f13dfb56e014ccd3c4c839221c6f2905ce2a3f6', 0, '2019-06-06 11:05:53'),
('22a9e9b1dd5a2bee23db4b046549724d68f8ff319974a2e392927f27244370ee1f6c270c543f84b9', 'ea7960cc0dfea4f26bb5413dc7f6dc484185f04da893ac7e3d2e5113c1b4f9731bc8039b2243ad03', 0, '2019-05-25 08:59:43'),
('235b40dde59d7cba5d435e4a736f9c86861c5d3b5a42176771d1325e2cf89c2a431bf794a8b82e52', '594ab7c4e28fcb969ac4b93f7c8fe981210cf8529d13c722155f45095e3baa98c0fc7bcda6d296ed', 0, '2019-06-06 09:27:19'),
('247e564fed1362c0c2b28d9e882e7f6fe7797b8dbb9eac27a9f4fc13e7a5fb08e2781e744c20926b', '0d09ec53040687747e8a51110a7d185bd46b06c9890fee1ffddb4caec1b5a405f9c03ce6d81074d0', 0, '2019-05-28 10:47:11'),
('25ab77bf5f2eead0f3ab1c40a825cc24b6ee76bae62d2e75945f939f8b2f258c97604f219e990123', 'ee297b9fd93872459de3e5d6d620145ad46d919eb8de85a5e89eacc2deea1f26e3f917a8cd79448a', 0, '2019-06-05 11:50:16'),
('25b98523e96b4621476237ab15cb60131dbe675cef0d368595c53d077a7e1e9e02726b12b96bbc10', 'a332781f9f56b9fbe8c983930cc6f5a4727de990a086611c08bbb249878f8881adc661a4c9f660fb', 0, '2019-06-06 10:00:57'),
('25c1f45c9893003c411f2f375d012aa5a2051f5cdda901c1c8587b33b01a23d9e5e162f4cafdecff', 'e3d594a587b291466129deec8652cbbcb7bfecad37ec1c64c5fffabc2b6549ed9189fbde53836753', 0, '2019-06-06 08:30:06'),
('25d553bce22005068e52f80bad9e776dd135f0c8f33cacfe14ca8afc4f5bd0040924cd6b5ad1b9e5', '4cd1ba5efb42aa06cc0c125ee13d8a2601d17b72da493847399b44648750878a8d56b9a20cbf4e44', 0, '2019-06-06 07:30:45'),
('26deed7622abac1da2c43b4d8d6a9fac8d7791470c97e392e3162f82e22f6c07a893f97ed388f4bb', '0cc4eda0bd1d00558e13d5089979eb27218a97a5ea28636da06b2d546d8fd20e7430ccd8a5121ea2', 0, '2019-06-06 11:40:55'),
('28722cda08c5965ff9dec6f61fce85fc3c8d4508dfbefeaf5fcc230c91975e311c5f337b1909d041', '39788c07a3f31dcd4d9369856e7a9dfad8ad024ce6a28ccfaa9bac58633501de4026f3f411a75854', 0, '2019-06-06 10:41:49'),
('2969b827d1f66c6618feb88e56318aeace51b7e0ccc51a78660693b6fbb5291b1f4c14fe7b463687', '6de3892ca36982ab1f9f3c190c3c5d767557e4b39d3c85e36251aab17f59a02d55e345d05589e9b6', 0, '2019-06-08 07:37:58'),
('29e6739ff05ad0f24627f3db828caaf6f91956ec3ad22127ff41eb6b9bc20ffc431a0e1d1bc9e505', '6e705d8472022f82bd758a7ee3a8e7e70da8d2cdafe8aec1f1d7a9bfb5057cc822a06458b16382d6', 0, '2019-06-06 09:00:43'),
('2a03f9ddcb5fd632369e083c3c65a17a6b77b664bb53b4dc5e2b042e578bfedba431ca70f6eadaf4', 'cb75f78bc30d421a6445cf141d11c9392c28b7bd81cbbbc73129fe48460c35a748a5d38999c62305', 0, '2019-06-08 09:37:15'),
('2a3364caf64f773b112e110fe40c6d4302eb0b37556330c11c6e66d846c4e62ab3a7ee791e50586c', '02a6b42869f7524032a7d14ef8e37a1cf5a2e6f340f48b591f66793b7f9b6ceaa10789886ac4a38e', 0, '2019-06-06 09:24:16'),
('2a6a705707d574d617b76b774437871b8294737782af1b35d5c9b4bb9f55b4bf8924ef1681e9ec0d', '6960d2d6d3200d18f94a17f749d1ffacc1d3f3e372ab31cebfba4dee10b8f60055bd84619644d85e', 0, '2019-06-08 10:04:18'),
('2abcd794b33615702f48fad43e55f52d5e22eb9c552499b6ed9c7642166eb615941ef9aecb30d51d', 'f35947dbb0a5ec2b686c1851122905458681aa7cd887444a975aeaabd524dc455e94ff87fe5c2a39', 0, '2019-06-07 13:03:08'),
('2b58087b45ec83df56bd3effcc977c05a4f66ce367e2d0dfcaa2656f51ee3209bc62aa726b3416a0', '5da9671ebfc22758d24678381a5096190d40b4ee204c3f6d0cc3d8cd4a6f8cfd3753d8f7ce632ebb', 0, '2019-06-06 08:11:47'),
('2bde4602b77de5ceea7ff0c6a95d64f49a96bff591cb6151fdaae869cd22118f14f2592cf3aeab0c', '40d792ef1265a4b288a2c7b2d1af8a06656943e246764e607d48531cde13633507250aedc9611ec9', 0, '2019-06-06 13:31:47'),
('2bedb4786d9e5ba10c93ca26f50c0b89d2e36a7cdce2f803be02261a9de535665e7c2034a2f90cab', '7463c1feb7c93750ed8c3c6f014a740119d30b0eb6a82ae3cde7c7143fbfb6f27707f74f36c16759', 0, '2019-05-25 11:41:54'),
('2c20bd9ac9423f76ce16a54b2851f7017de27e553deefdb8b55a645f52caa23c6982c1574a44d6de', 'e41f78763ba4bc011476a505af6d22380e6201dbee60e05ab21cdd7f3508e4aa461abdcee09cf4e4', 0, '2019-06-06 09:27:15'),
('2cb930196f933c423b5db4c2a38fb6134418695d294886a7fa0ff8375e351773d696e00f764e9a47', '7aa4144a93474ce48d6022194f8b7edc9d703a072099b06388b64aab0752bb86b8ceebe32f8fcd3d', 0, '2019-06-06 05:24:52'),
('2cd905516eee9bfbd5298e70c85c69fdcd3f9e0bcd110d089886f6cb30c6375e74bcb7f2bb0523c3', '0f4ddcda37ad470b0586e3ed21a12a030f2f69d067a0a40158bdf9a7f296de24410dd8b639281c17', 0, '2019-06-06 09:57:42'),
('2e0ee1508aaab22a16f7d9642cc1e4291527618a21d2301ae3504d2f42aaa67771fa35fb1194cfa7', 'd12319bf9020f4cb4424d8523f5563f8ba0c21336d2d2d1d8e9352763d183e1f05938ab4e48a71b9', 0, '2019-06-06 08:32:50'),
('2f3ab5a2cf4cb3be1b3417b10af7df8e15a5f09c4c0491629d132bc1e68546e29e70781900e9a509', '98992063fb439e5252273b1f89d65cef052b5d5ee44757a24dfed348c44e15558df2476753e57612', 0, '2019-06-06 07:04:39'),
('2f7cdde5616fbbd16b94d5dcf0518bf989b234413471ed77ea83e18cc638ad1c474e1da3b501b3a9', 'fb331e648f73df304b6725780283500b703f7aa27ab6972bd693c3765716183249b7c6d34b055877', 0, '2019-06-07 10:46:15'),
('2fb8f029280168f741bd043b890f3af1577b0def4cee11da3d82482fefa7676408318d9f909df023', 'c942599a0af577c4892a6b291005fe01a3843d71662d94caf92f4b620fe10a3e0c6aa9fab68c9400', 0, '2019-06-08 07:39:24'),
('2fed831631a26e4e9ba37e300bf05d6070d833675a8c84336840d4c53328f62f62f8bf03dfa67862', 'cf7ec8bdf3ee50417d4894cad687b3dbb5959befaae446fee4c9fd2d4ff33a9c6994611a32d6b872', 0, '2019-06-05 11:49:16'),
('3058a1cb9aa30a8a4308bc27f6bb611285fd286ebaa53f143166b12dc8445c7cfd5d17afd5c0b7c5', 'da0861d0c4f71c272d16622683129f8e4a4b1aaf6b322ae9974d98ec8b537174ad67cac63d9086c2', 0, '2019-05-25 06:51:52'),
('30bf64847406e418b206692bc41137d3657824e2ba2919eac9a5b43a0be9823cbdb32c1ac469fa96', '2bb9e104fbf6525cdde943a4c5b58f91b73f04eac2fd53c47d432415459c215cf50214d09c7408d9', 0, '2019-06-07 06:21:31'),
('30d60ccd8ca197038a42794e6537f8b1165662b2b70c0bcf7019e69eef5680bb2799ec3bd9d622d5', '7946e86557bac5922d35544b6548cf70552024920c5c5bd08d0602c9fe1777018674e386305540e4', 0, '2019-06-06 13:00:21'),
('3198c68654e0c06a2ad367cb630e4a0ce9ae47af9b4ff3c0f9b9c18223eab5ff5249c2d289de76d6', 'dd32b3483b7852e7b291108dd45d427d7d4b46598649df8ea8cbf4ce446c065dc486f294ed18ff03', 0, '2019-06-08 10:35:01'),
('31ab612833ab878e86c36e394578e68c2a1bbda651f6c0667a2ef55c6cbaf3d770592a974cdbd9cf', '37f6d2eb88328cc2daac62dd0b21bc5cfc44bf806939d06800d437572fe1b3f8c872f2d41269fb05', 0, '2019-06-08 10:06:27'),
('31ff61e94524994a00dfb0f6bbb88150aa674212cbef9d151f195597a9cb7529a78546fa57e07a5f', '2b4e189f1d49b7618122c152b77c7b7ff05c9baae05780a144617991cdaa2103a6035e4d607356e7', 0, '2019-06-07 05:17:20'),
('326938987cec8981836d1f3305458d1b1fbe32fe50b38704b44fdb7230a2ece008af6ebc7838bcd9', '50e06347e380b63443bf8dcf173899c940178eae7961de4b2de57300bacd1646c7dc0b592461a7db', 0, '2019-06-05 11:51:48'),
('3331c94ffa0553cb9cf37429ffca3374d511baac8adb483dd5931daec517f04f4820358f2aa82871', '40c85ab23c65b9aabb4eb83ba37b45f15e66e1dd033daf928ddbe9afcce18439bb590bf627a2a9f1', 0, '2019-06-07 06:31:16'),
('335a8dbe261322a1949d92beae57f6bd8f1012afdec35313c69829509eed05e2f19a02ef51a2cda5', '8c5a3110f06e3173c7f19f12e8defd24f3b727e8a269bc0eb468c76f5ba8b256a21d903a6d08a5ff', 0, '2019-06-07 13:01:00'),
('33919b386c72c7f1890de36feed8cd5892a5c8609d9e6abb053c9dd24eca703f66bdff91ac350cba', '9d96986cc849581be20f276ac4bcb92e3c75debd0ec4f4c421a1dabb692f08016fd6e58a46c67af7', 0, '2019-06-07 10:50:16'),
('33e691a252502449a9e7f38d5f9640385b239ca985edccbcd4d5e2d2a3c921ab85fe45373a7c012f', '3cc5d6f3025fbc2a64df7805b3e3951492e428ae98fda8cc18bfc9a31ededd4d4096a87d512b24ba', 0, '2019-05-25 08:27:01'),
('33eecd6458d40ae697fc2a8466e53d67d0c0a10bcc91d6a2fc8723c254dc54402c9e00b531dc670e', '0438e7a28846410e2dbc9973f2c4bbf9e8852636be2e7970a5b3c30113e242452a509ddafff68755', 0, '2019-06-06 06:28:51'),
('341b4ab9e5a24d663bcd4c2a63db53b3f83d19599d74f8167776f9e0cc046a36df3efcaf8810b849', 'aedca8c3e2b5e10ffa069f77b69c8da35f4ba45d0aa3801758c6d75d59333993db9d671b9195d431', 0, '2019-06-07 06:33:59'),
('342bc4a12c80869307c78cb164e2f326d2afb456f614beba283202bc4b88b2a2a47e1a524b6139eb', '4773b675983a6e98eaf5e0a100ab41ee4e66b489503f908f843bd24f41fd68b50d7f33bb8f7079d4', 0, '2019-06-08 10:04:02'),
('3449184f64d4391720dc5b3247ca72985d212fe64ad053f13772ef299d3316f47950a2902124b260', '7b142404cb2e9b66b30311c7acb0b58813679c39754e82cca727b90d73895d35500ec3edd105fb49', 0, '2019-06-07 06:32:01'),
('34726c2d2372ffad23f28e524e947d12f4ea9b2f9a6a5d3f3a804fe8228993e023e0d668f8cdd98b', '27a34742684ba3bdac04111c2478270af09a0c9e45402b1e211fa38c027a73dba515c79f223349f5', 0, '2019-06-06 09:58:46'),
('35073575caa12d8a96241dc6c4c78ee7cd638171135618bfdd8d7fa705598593381f61b610176e84', '17c9e9bcb2f3ad8901b0ccb3db0fb775c440630f7c905ebd483272e660b6a8870462ec37cfab61da', 0, '2019-06-06 06:55:15'),
('355e7aebe5ba08fc868665061ef27ee42de7fe33e0d48e207a1945889b1e7aca3b63f83d40db28cf', 'b35286a1ff5ef5304ea373d14bff9871c344f363429c6ad411d489bd489fe399b373c61949b3c385', 0, '2019-06-07 13:03:27'),
('35c33af4836d35e9b080f2f4363fa544e3d439b7aa993bba7d224939953424e88a7d52264c37e716', '4b21ca4a5165c5a8f666ec14b4f68f3695fb7540dfd6f18227a2c47ed1e3c6e582cb79ed56c5f837', 0, '2019-06-06 10:39:20'),
('35dc2b9d09475eaf5dcc7bd7253d9835a76f936b993ea708874bec5caaf023691976de3f727094e9', '73d50dce433f496400d9016a667834cc0742247efc1e4ff84aa3e15969a600897a8d447132c785f7', 0, '2019-06-05 11:49:34'),
('35ed1f2e66affd2dc6a4595e84881ceec6a9b42ebd3765586bbdfd74c7f0eaf3b7d8ccdea0d5eac3', '01dad888d9ccd088813ec5c68ec7b27ed8a1b35b6e0910b831109e89a2f918a09e3fd51c83d7021f', 0, '2019-06-06 08:29:47'),
('3714f657cce74fde224693c6212ff6e139e99fa17d7f39fb599eb794910634c25e71ffb316eb6fff', '1677683f9104ab1030692af4efaa73df527c0ecb4eed4f59a28f030a87af91278ee7a18aca70b216', 0, '2019-05-25 08:04:29'),
('37157614da60e113addd756445fba72db5a3ab37add469fb8466e6adc09ceee1b4803b770e045a99', '2c766df6f6e8699e15a467534751b516c046510669255c4c4d9dfdc3c724234826ea0b9fcba22bf8', 0, '2019-06-06 09:16:27'),
('3732c8b1a7bbb1315dbb910a6f3cfd7abcc1710c274fba91bfb45c48fbd96e621327d504830bf3be', '5a0cfd4efac592ef225342727312ce09b37fc4b89e236f307dfcee52802bb4701e0f25064a1dbec5', 0, '2019-06-04 07:22:15'),
('38441a719710cfa4e30135e26d07231f5088fcce9a82d894ffe193c6eb9372bdf9f2277de983cb10', '17144f7afb4973787e60c52bca349f867de6e4b98c955126b71f3e5a85b1b6e3a0c0ed578e8c564f', 0, '2019-06-06 10:46:19'),
('398bba28c8949790459ff2492261e90cd868405e5e73fcdad5b133896414251434ccdfe426c82b02', 'af2b4553397f970c8e8ed4f4ac3e9ffcc6df081d0038d76a55cd36d4b30849c45824543643e9f222', 0, '2019-05-25 06:20:37'),
('398f4f7b884dfda66102213ee427383f52e2656e6372d51f48b4e466243e201a082befbaca1add6e', '602e10ad9229c295c388482980336be46b625841b3e25e12dd9b1641e15d340c8807a4051682a94c', 0, '2019-06-08 05:36:05'),
('3aa9a7a2185ad0dfc0fb7cbe509fb57207f6bb36224f753cedfa5a9746ad79cea2a0a7e63bcec6ea', '330438f1e5579927276ce406cb6df96ab0757b7070ca88579e13d0364cafa127b5f0839c7fab38a9', 0, '2019-05-28 10:20:51'),
('3ad50d1663b8955a62400047bdc8f14f540e7132b1e4965e957816ba268ea3bfdf3f4e6a5f226d9a', '4e73befc28a1d1d4a17ff18cb6eeaf7ecfc3a8bca7b3c437abf4a3c823682b10e4438f1b53ac2d75', 0, '2019-06-05 10:10:18'),
('3b373210f8b9af2afea841ad1a71710dd8883540984444213f130f375cbdf5bec376ae600c89547d', '43ac977bd9115de873879ea03bb424ae17e509d39c9703039037279103026ce230e29a6305abb390', 0, '2019-06-08 07:06:23'),
('3b3a13eb019e8fc62342e58af961447f6a756eb00023c90265a756bc8867f8b5471cb21ac6dac575', '0e108d3c295fd47ac4d683ffb2482af4ae779b65a07523435fc32e8a67a5b9f62167e4547cffc1bc', 0, '2019-06-06 07:37:04'),
('3b49e64454621e54516be2b41ee43827dc34fd6c8734d01a94ac7c8888ada9380cbe07e9c7189197', '5c46d268a94a14f80671449d1b8f292868eeef31c6279da54039e06151d297606b6563511066dcb0', 0, '2019-06-06 09:28:18'),
('3b95e97daff8f23a07316516c971a31f5de6657dcd6dba4130ac246abc691f6b9db4fcfcdbaedef6', '43e023e8f7aad4aa097fef9acd53dc89184b6cb5d2e91b37acd88ad0ca173e551974bf04489721f8', 0, '2019-06-06 09:23:56'),
('3c5f7f3172d8a326b740a355e2c5cc3e0c207b8f3c120a04a652cc5936bf2540c80611be523da9db', 'c469514bd627c3fecf6e3a174619c17cad817576588b1fe9034eb9cb029d908d76a4641c7199793e', 0, '2019-06-08 07:39:25'),
('3c82ee94be7d2c88f2d60af82cc1a70339665c9a26f097b8975712524ddefe281a31c2ba158e08fd', '346254814c6e083d171d1fb7930f423a6c43465d71568c7a669f9c07dcb91b6292ba9f664ef7d105', 0, '2019-06-08 10:39:11'),
('3c957f817e4a46cf0fda5268f247b826d38d6d05f09f6c36f60b90b4e26b255714b19c65f4d0d625', 'd5a994266af9f0418d98dd80edf9a6c676d29bf3535cb9b1c8835c68de16a606cbd85e600ab2c4c7', 0, '2019-06-08 07:10:58'),
('3d22e371985db753a1d1ce2323ee6cb44cd37e1637097a01eecc125e3822cb691022626e125b2477', '52b05a9c141234e42afdbac2262f10c430679d6829fa89c39eacfe8619c20c9deb14ed1bdb5745f0', 0, '2019-06-05 11:50:03'),
('3d55287b37a0da5e3155617b3aff2f19f7c13b315310f355d02f458e9d7d813665e4248cd1845cf9', '65feef4c37f83d7940b41ca697112060fa08d7b67d1dc77de32758d03766207b4caa44a533786071', 0, '2019-06-06 08:09:08'),
('3dfa94e40ecaa362d33dfb6ccc614b78d891c95a0fddeda111416019cc7568c2f77abfb556e88749', '8dc04ee17b7d2f6ea598110aeb19bd9a77cf9fe1e887af032e9d76575f3413e31ea0804c7b31fa15', 0, '2019-06-06 07:35:36'),
('3e06c1f5d0d7f2bec1678e52e5a819edda8cb205f475b4a20f61e264be723079e5252ddc1ff5131b', 'e4a3073611749c8cebe0891fd9d367f2e5ee9e868fa7d1d26fca74ffe06b36bed8ed90d5a1e8e838', 0, '2019-05-25 09:01:44'),
('3e1c3ecfa8c7719203018067138fb78c18f08ecfc42d88e862ce16b53b44ede92a252a3de55bd786', '838af2724bdb38575e36b125aa937b3749eb1cc9a92991fcfad39e3b48160a48b48de5c2801f216a', 0, '2019-06-06 08:25:53'),
('3e3eef4c4bb485373d862a18fa973f8cf5b5aef008369b554899b1c3dc7db6292de9e74e6cdb182d', '64b8091efa7f603624f7f17775d23078682eb5219904e58b6f5497157186a9be28b81eadfe812c8d', 0, '2019-06-08 09:46:16'),
('3f7b742361e9199830277c72e518614bda98c45cb8e5a5842961afa9776778f6b44c3d695d7ccb65', '54540fdeee672e557b60de9a870725451c5b6d66209ff3979d2a5e7d4808d658c84e71cf94e0c92c', 0, '2019-06-07 13:48:46'),
('3f8941383113e594dad7a32aa4f65d5980b6001392809451df420673c774d116224f5caa0a9b7ca1', '648c87c30863d41a0984b253a9bf1af2c0af8b83712a19d654d034ea6d253f4efd7d62bb70de2bf0', 0, '2019-06-06 11:24:47'),
('3f946dec9607e0f735294db5643376e3aedcc2e0002ce2f97262104b6d12e4fdb7ba6d409cfa8994', '050c72f4d4dcf1eb904e719161aeb87d463527e3044e3f29a28eb6ccc1e8d28c0643236cd14e0f00', 0, '2019-06-08 07:34:07'),
('40440e645d1650119051d7e1deb07a8f6974e929ceca2f132551620da4efd245d494e587e30c289b', '17adb2c9ba05d524363c4da553973089901ab067e479d1620f72ecd7b985bd4ef36644fb462db3fe', 0, '2019-06-06 09:26:32'),
('40aa874889b67e499381ffaa28e152fb39d09c6c19f50bfe3c732d094e26da46d9b385b01630ac09', '48c3b3a544f89aa97af4877b13d02f1dc4e6b6b8d961b23d7cd05e5c5a67f05b29e30e95d9fffa9c', 0, '2019-06-07 07:07:31'),
('411a6b9995ffe9c1867a8817314c381aeacc80476e41c606eac5d5ee4185e2a8ad3fb00a61ba308b', '157ca467a8c360416b1a9e9f60e2f0c85435ab617021e9f22ba687451319898bd487d46be7d483be', 0, '2019-06-06 09:47:08'),
('422ce5f67802ae9b6e76f8a58067b5d1dd10a50ae0f58142b546dcea6692172cedc501f5840e7709', '4b1fdd7374806189e5f3ff48413b36b71e644a187a1320b90e994ebd915939ae968a1a476e2b048e', 0, '2019-06-08 07:09:04'),
('4239bc2ee0f94c76afe96b8ecf3d956d9d76a56e6e40f16e90856a3b01be9ba927eadbe70b4fa802', '11374580297fdd40043a0137519da9b7d908eff52fb187a44ef6de00d7b2e52dca296cf7d67bee2f', 0, '2019-06-06 10:47:57'),
('42a6fc66dd1021034b6e2c36652cfc72570fd356dca82e8bf4d4cf9b33413dcda4272ce92a8fdeaf', 'a651b89a08d33b804573aba4873f540a42a7d04ebe48feaba1ef01ec8cfea87be38e58f7aad3ada2', 0, '2019-06-08 09:19:11'),
('43733e5716cbac30a2d026cc3a41a274a6d807c4159c90c46f9474495a45b204c2253ef7e9cfa4a6', '483826724f0d16a5e624cf53b91e153bec21f5825858f601fc9a8066bd04bbb1824e34a43106d20d', 0, '2019-06-06 09:27:58'),
('439247d1a7f2ed593daecb798c0ba349b6c2619384b03482412cb2369b4022b7af4c76d7252d4d79', '73681f7df7ab4009563fe3b8751dee6ebea198b587d9b8fbb978b3e9f3b2aa1d461da8bf3b1467d0', 0, '2019-06-08 07:40:36'),
('43cc9a3cd4e0b65c6407d3e2e4b82f0d4881237563b1d41086423b8f06d9871076d57b1e7d07ad26', '46545786f5e73971b7e305b793dcb13f8fe378075d1ac283f638e4b831084924027f576b74a3d029', 0, '2019-06-08 10:38:01'),
('449f75e0ebb8ef04da325efeb1171e7167f48ef43ce0a5626d94ed48acd2272c125b1497a74d84bb', '490f607e7a470023380177fbe2f63ac42128d23ca7f73b7fc43fd8c2642bd0c9c75745fd010b3e82', 0, '2019-06-06 08:27:15'),
('45ae41bb6e20bb7fe6c1d12810d7248244632a08bcac6f7d4d14c889904dd430dab59b4e349edf08', 'bf5eb1cdf3d3a043e4dd886f502c11e927e88d8499c303c7c89dfabf757d5532f2eb0f390deda6af', 0, '2019-05-28 08:27:38'),
('45af8fbfe59f5796ec38fa88b50647ede05dd37d44fc991b7ed17d6cc2744a3fd7f70abf8316b6a6', '5d67b12decd96c23a9b82682b14e02b2de55c65d8fa2149079b108f5b32f1accdc71033e9202296a', 0, '2019-05-25 08:53:37'),
('4645a71ea2a64de99610ec19c4e25556d26e0cb022766d19096e4cfdfd1914e564f791cb9faa12d6', '590885bfd2324313ddde034b2d28292af42d364f47038443f0f11708d1dfbc54b8d09a73fc0db5f4', 0, '2019-06-05 13:00:13'),
('467a5396df1de3f4f8800f369f69203e11ffe617b7062257d30179361965453c8a4894ce93f6a83e', '4cf30ca2ae9edc7e74b92993db99454925d6003035039910a65c51bdb0c1dd4cfec21c7cd2142e78', 0, '2019-06-06 09:31:08'),
('46861a226f479440893d1c39b851a199ffe3b7836af4749f56bcf433f5167d6b8f8264ebded886f3', '109d28128c409bb85c6eef363a4ec20b1186bb344527b876ae347e42eff441515502d3dba310b31a', 0, '2019-06-07 13:03:23'),
('470ce124bdc3cdfbfd789b441e2690e868900b02c089241e0b5a233375001a888edfdfc314ffd6ab', '20967fa371ac8995c669dd93b85aed6138517d646621f54dafd1219df2ddeaede14bf2b4df3eaf6d', 0, '2019-06-07 10:05:22'),
('4777efb6b29a02616168bf0633a6dbe75deeb3afdb5ef1e96f9624eeb2a7c515db9ed85d5e821f3f', 'b0665748c86dc1f895318580f0246165f046e0f10688c79859047c57a93d200283e0c06c8726f862', 0, '2019-06-07 07:03:07'),
('48aa1ab1bf4ce8b5466fc00653b774be891e2158419f593fcf6c14cb9b975b6d8379916ae5be8a2d', '6051dc9fb2b8882d54e2b518bde584142b5fcc9b63f778ec2343005821f9eb680cb94932c56e74bf', 0, '2019-06-05 10:10:47'),
('49757957bf4cf587e782822b639a820407cdeff241534d13c0e6a27535c5207600e4ef5b874f600a', 'ed0fe6df4e605c80170004f32a51e7a4cec7acac4b6f9d65f89d6af1dce2f69439455abd1b117b8f', 0, '2019-06-06 08:17:40'),
('4a1bd8bb6ba337cf317132310e20f8a842ae0ab23ce6c04c16bc2eadbdde026af9599ffe8e6820b2', 'd18049b2fe87977481a0ea2ad5fd13d6943040b97a78ca9132121acdeb14a9e3b7c3c5a6bc1f86d4', 0, '2019-06-07 10:25:13'),
('4a25e232fc5ae0a558136c58c8b0d286e2e619d6d8666766a8c7a56008b1526ba50551a83441a919', 'b8099d9a4f00021e5dbdaa3a85e1970fa0c110a68664cac2846ce77a50b4f56c305284884500a01f', 0, '2019-06-06 08:34:46'),
('4ac7c697fd4558a9c0553c4011c2c401017f21514e79121cda0abf0d645e2d8bd0b96a52b5d5c6ef', '11fd2e5d06db6db093e57ee23f13f835e7bbdf55795e63187a9ce852733a4bc7cef72310f8538e2f', 0, '2019-06-06 09:28:13'),
('4be045260505e1d7c0025a34f53bd450f46ce3a4f17fb9898e409d1c8ef53db3b34d4afc61b28880', '2a2258d8033912e1ae6c80f99eb79e7b5f6cc0a4d3d1e6abfcc369ff84a72257acbe76657a44bf6c', 0, '2019-06-08 07:34:49'),
('4d2ffb189e21054599d64af2825a2d63832fe51f78571e62f6874e5cdc22be7040d8c860ee5e64ec', 'a74e42ccb2382abab3e8c47049d28a67023a4779b01ec7abdafe5d13a0c3ac6025ac460d29275d82', 0, '2019-06-06 07:36:34'),
('4d4c7774d2f393b8e6a30e46703adf09e47203e5eaf5955cafed0e603b66e5730291b56a322e28c4', '437de07dfe244a32db2a1a7e6dd2b52b85fc70a8c693d75f91537d005ea692bcf846b74205b2cdcf', 0, '2019-06-07 06:39:32'),
('4d608293f4bd4e9bfbc5f5fa912ef8eb97cc2ffff4c43c4a5b135d2f802dc76185e378ecc103045c', '922db968a68254adae6031fdc224f72ee4bd85fdccd2e25729c58375d29dd8ea0ee7d077c159b767', 0, '2019-06-06 08:54:18'),
('4dcbbf8cbe8d3d5188ff3a9b867a0f1ae3bedc3de01e04e6e2c3f6c915dae3821e952b7c7d9355d3', 'dd57bebee587add4f1864f45aa3981560cd4dce2bd00d3083705dae02663e8aa8b3ca2c4c8d13eda', 0, '2019-05-25 08:59:30'),
('4dcfe52c96df3df17581bf9c0c5caa3cc90a4f232437958f54d4a64bb04aac3ffc742a955d59f37d', '223d88278358029474dbae227af1714ccaa138ffe06679ff12ab6c931dad989c3845a428db430506', 0, '2019-06-06 08:56:31'),
('4ea38b2785e3c5732bc44bee03e403592c70a5122619296795118303f53743557328f61adf2a9d3d', 'e9d3f84ef227e9fccbf1361e065afeeb1e86793219523922b2021235c0ae27266361b3d0f47ec3d0', 0, '2019-06-06 08:55:12'),
('4ec13d556531d8af83fdf3e7c2ac4dc1f3adb6e67535413b9f0df24746fd89a135e1d969bd277c0d', '001c229cd1351e44184815c1e1107081d21248c7bb1cd6c874a64aa986eef1ca35cf2bf91ab43117', 0, '2019-06-06 07:18:24'),
('4edb52e5712c95e8a036fcf712f9ccd7d509570a0add607e19b682a854a8f49b34d422f6dfa7c198', '5e1fba36f6887be8f57ee2a6ae0399a45ad4b2bf38d30722521c9a6e635ff1f8db89a87ad43ab355', 0, '2019-06-07 12:56:37'),
('4ee76813566358c53efe73de3f0bebc022a78affddbab02887d3d2e96c6289869169b60ccd8ee438', '4d78bab3a0cc319e01e3b0542ac758acedf366842110ec936dff4b13adc2ce108628e6c59c94726e', 0, '2019-06-07 06:56:56'),
('4f6b1050d967fc8dbe8dc62611eb1f12576054ca7195f14f36c4751c50a0b5ee17deeae4467bb807', 'b6d5344fea17171e7c3953c8b78a7213f9de6be8cf6c39d22d4b1bf93622ef8006dc303ed604702d', 0, '2019-05-25 07:20:24'),
('4fa50145a09cb08efd5769ac315ed1e1c98bc4b1fa74b36e5cceec6fff07f5ce90f4866bd779fbec', 'd561cdf7a988b5a793007f6f48d47b6cc9180390f17839fcd87b28217c66d76d73b5ab5fdc4e2b6c', 0, '2019-06-08 05:38:28'),
('4fd783f5795f1b52a27ca3bba9c6e4764e3a4d8ac3734aebae99d8f196c9182e8f9c39bc340c35a7', '453ce917404b94bf1d8ca689cb50502f37b8c53de8755f9f9d72ac49985fa2ba90e1161c3651ad7d', 0, '2019-06-07 12:57:12'),
('4ffbc5fb601bc3a6de2055851e7e0e5625b9d8e973e20cc77d7522c7b558e42ae2fff1cd9e3f27a9', '17b452f50e5df1a67a0f695be2dfd24008b035609cf46269c24717057ab4751b5e3be59b111e751c', 0, '2019-06-06 09:26:31'),
('505617630b61427263661068510c089dbd929dd54ab7732c2bbde8879e2efbf7740506756a69c795', 'cbe32a8a19977b93141223f22eba2a1dae5ae7dd3ef34167201aada54d3f449f371eeb08c9f42622', 0, '2019-06-06 06:31:31'),
('506c76fde0dda4fe9795471c1884aa903f7620c38c130c22d4256862120406a0cdcc5cde8cd9e369', 'c5bf0ef03fae83ac52cdb36f1d89cd62281427c15cab2e77b9f895c59d4e9388519eb48ff7810869', 0, '2019-06-06 06:27:28'),
('507fc5506c3a3b3bf85ada9f8ac44595fcb1d45f60575fa0ef4f43e281c25efe1f059033ce3bd579', 'a2c9d567e4c98e00d313f60e61b78b38dcdb765fcbd65a6a6124508d986fc4f5b9c591e787adbf4c', 0, '2019-06-07 12:55:32'),
('50a77ca092c53fafd852eaa7cf7c8f7d7ab51d44f89cbf777edd2a5efe9a73d1d6e4cdc39de0e60d', '575efcacda199696d9447c4e8cf980e3d6b661a2d07f73076714e00d273b0f25cc99096ff82866cc', 0, '2019-06-08 07:10:50'),
('514384b518acaeda0f0170bbd7a22e9ab3771e94280d4aed9678f56fe9b6647c33b11bbbe0225114', '000afb8f7dc08972a633b77713e92b65dbd0c8f3a774ef41c6c3677f0689fecbeca1c51806bac493', 0, '2019-06-06 08:09:11'),
('514af4b4e7fd533a3cb3064b64463e6fad1ae600f7c141475f6d7f7cc344d956d8cafca9a171629e', '59420081b4b6514ea67e8aa8d490ea55dc3c3ec0ede26a76851d0b9855b0ab5662f041e1e2a611df', 0, '2019-05-25 06:09:39'),
('5167c4829c68a3dd1225d7af539e2f679dcb47fbddb6ac1518511147166b9e6777e34399f4bb4f36', 'ec42bb5fe650c2dd483e8ccebef3073e08546cc4cdd83fdf2f228a219b3963e862b5944555c5536f', 0, '2019-06-08 09:57:56'),
('5277bb236de19d2a33037079b060fe4a673bd2e6cc1a33001566ae5047f87b55993b77405a2fc936', '36838d2ce2ac939535824af5572477f5416e053336c318b5eca1231ba2b5adaaaeb0993fc8a0c56d', 0, '2019-06-06 07:29:41'),
('531825916e5a7e411b39f6c94c46c762dd6688ce5b261cf5c6442748e552817cde652b4558e1a89e', '4a55e08f960af7816b1bd6b5e70445bb9dcf2dc3f19e9689741897514a96c9a97b408870872a0082', 0, '2019-06-07 10:46:23'),
('537368c62b6cb784f5008f90b8cd4f9ebaf7a58d031f2ed0443806466778c8ee56cef1f69969b05e', 'f8c162700b19bf30f149a201199624c2eb9a08aaa918c749538ae6dcde5bdb85491e9eaaf2dc713f', 0, '2019-06-06 06:40:08'),
('538c22ccded2a7b0a6d13102e0c4d8161e950d4590cf1590d9b0c82d15c4562b25a5e6ad53c6a3b8', 'ea1ab5f2c47c733b171c0a1e315362a257ffbb8fd0a7636a5d51e48d593239be6c04239ab14a7780', 0, '2019-06-06 07:35:51'),
('53fdf41995cef0c5cf8ab3b8fe11657dc085386fa28b6de3c7272f6694427b46ed53bf8bd1a79a36', '876c79f5a5015eb1e35e1da64d81375ec070134e430829ad05ca584f34e26d82f995ed1cf685cf32', 0, '2019-06-07 06:21:36'),
('5439dfcc46982d101fe7f9ca2c0afe91ee5f43f263fd4534afecd235e35cc9be5c1fe1532ff2dde9', '81babd78a72f4af9332b1f09f4b6e4166cd2a347366c9f262c6fdbd6e69f0985d6d0141886a3e283', 0, '2019-06-08 07:37:30'),
('54c63cecbf2180fb77a9964b1d57c39ca9d29446b43fe33bed4717aaf166ab1e8c45fab7f6258c7c', '3d4f9dd81836b88c84368a6e66c4de4ce6dcaef11efcb170542a1d0ace27147a3c494133586cf242', 0, '2019-06-05 10:53:09'),
('55bfe76dca3cb6fd736313bc1eb34ca8792550bbafde656be4378cac08cae1b3a61bde0ab75911f6', '6e786209b8cdb6b6af24e481c3703c0ea55782f8b929000003f88a6b5d33680e4eb98b2ffb283461', 0, '2019-05-28 05:18:40'),
('5613688426858f993709adf0033b94bca882dd4cd675ff8c83b06ca5ec545ea86eac09fe65430db6', 'ba9ba52907c0b32b1a5fa5d56b9f63b9f2862eb433563238aeea0c5d4623916aef12052f4f8b17a4', 0, '2019-06-07 06:55:00'),
('566f74059ad7b1ce62056d5af1a49607ba2d981bcae1ee91cd8b70e07539e08929eca038dae0c28e', 'd4b792eb2562d33dccad6ebf367f4c4b8453492a541cddb4715015fb4e06175d5ddc5a66c0148fde', 0, '2019-05-25 08:00:33'),
('567a70fc8d62b85d8425449f31053792399bfd35b8d7dfbd7da4c5cb8be4958fcde68c11cad2c964', 'e069fd568b6c7983ee3be22e741a76393967d739e857ccdd0bcc4e3615c7adbea11a2c5c08bf4680', 0, '2019-06-07 06:56:21'),
('56d17553ad49457d7498e4001f0491fc8703fe0989500338f4ef251c7cca66c6c55b43993bc97b3a', 'b33843e40f0aa0e8c94357bf4e0433d65eb2ba27418247558e5cce2a2eaacf6626e708fba0062437', 0, '2019-06-06 08:22:13'),
('56fd91508892d81838ad77e57619dfdaa3578bbb662691dd0f5273ff9071a5f06e6aa529143801d1', 'd064edbc0e537e99578e44fb5efc3ea415150de3366889f7721013d58edc39fa576f5cb62b70a411', 0, '2019-05-25 06:20:04'),
('5705315cbb2034f7dca89514ed07407a30ff58de33fc129f9dd1635806ebb792bbbb8e9437d4f339', 'ef9ce52b75bbabec875eb4c6d96acc299bb0353203b1efbd18d723a24f55edaea55de47fdb71bbcf', 0, '2019-05-25 07:03:44'),
('579e0e5a959ec6ef0bb1ec78774b024c151c6d77c4920715afb2e848cab5f0738f44bf65c95475ac', '4b353586ce5dfefe42f471f9b4c1cfacbf89c65e64467f5832527988b7741dcea8ef7fb48c249027', 0, '2019-06-06 05:48:46'),
('57cd2e898ea1c7ab085ee2b859b25f1760d7b027dd94bf851df6f8658d44bfd0b55b30411c56b539', '2c537aa7c9980a9b738cbf65c1ec14d698a69cf8d1d78f621253d1c12c37394e7413c7fdef46da39', 0, '2019-06-07 07:02:25'),
('580f129031f9e4876be26a9cb3f122d09955e0bef53eea2b8acb7fd79414069b1d109ff9a4e082a8', '26cda4003c0e985b0f6b720253dfad851f3ec34c5a14ea4f0af7a5e53d670f4fd5dc711f8f0294be', 0, '2019-06-08 11:03:35'),
('591230906f7ccac29b681723a6b3a850c288ba1e5bbd7a8328ba479c6b36ed7fa8df9e211286c45b', 'a6b11acbcc7fdba23801c0f4ab3164b3db3391c12a4325423017bc48afa1a3c73a237b8c2cc96459', 0, '2019-06-06 10:00:50'),
('594f7ec6862ff7bfdaa2fc532ef326215bafbf7d3e130546be80016899dbbb403487277838bfc1f6', '013fe00eea7e99100d0d5dea1add3b3140bc7b5537ee665f1f834a6bbc91402b7c02cd327fe8ce99', 0, '2019-06-05 11:45:14'),
('59ef90f83dbc2bbfcc4796bc6cde082561397f9e4526793844d56f158e595580a21b3ce1440f8454', '7a4aaf5927b152293680ded69c341e139ccb504f3864989ce2385a96a4d2c2a44a9bf5f3cfba47ea', 0, '2019-06-05 05:34:23'),
('59fd6cc9280dd0ebbcb09582c44ff63d7cb870a580536436e40fa32a8cf9aa65c2dfad772ce26b10', '0f5087183477d8328f9e08cea762198e2fe70fe5a50462e3287773473e80243f430c656b7578947b', 0, '2019-06-08 05:38:18'),
('5a01d3671d03bd03d4e33e81406b4be59978d4aeb77933d0d9f3647a712b48babf734bba2db6b7a1', '8151c22c6f824f9735d592ce87678d0df4115dcc6a21af84ae8574edbe7e05eeafb0d1693f204370', 0, '2019-06-07 10:50:09'),
('5a624de2fcbf405ef73186b2c0acc913e661c04b863bc0cf7aceb133cf91debb5b89803041a074d9', '7334d456addbfbd7322f735429be712384f2a5b67ad556509ad61a69aab1c575788012d15a9d54c4', 0, '2019-06-06 08:19:58'),
('5ab19f48a3de186460c6d4edba897de524381f20624d50b38483ddb65ce7937e4ece8dea257c59a7', 'ed938aecf87a8d7634a63e3edd4aca0610755553dab34a949bda6f8c8eb4000e3e96fdc36735cae5', 0, '2019-06-08 07:05:26'),
('5b8af77c69d9c1a92f7dc3524fca1e71db342c75f6a6f435f8557c4cfca4824f8739495bfa697c13', 'f3d71a1b2a243b4dde609e22554452fcb6b86323acd967de47658997411d4a25478286cf1a17a83e', 0, '2019-06-06 06:54:29'),
('5bc1436af3f1939ca559631223edf7cb54038171ce8c4ae2dc3a2ec7ca5b8e8991b43cd608e64c8e', '194fa9c2c25da84c7be231bc7cec52d85173fffad205bd0a0250bffe09c942fbc926c682c876fba4', 0, '2019-06-07 06:21:17'),
('5d1c41f49447070e0c5feb083b83713b09dd93e9f9ca38e08971dfa9e12f25b02c60409a99335768', 'aa6096b4da77076ceb2afc9cb756ee7af6bf589f3ed6d2147264eb2048c0d60dad5e831ade184561', 0, '2019-06-05 11:11:41'),
('5d81ad810d9bde16ca79de55944d78794691741d5aad053fb9e635525ff92694d34e71fbfa448325', '96b2d2e9f4f31482b1e444ab9e8942e8314c897344bfca05fd2abe761e002d50cc78cea7b4832aa1', 0, '2019-06-06 13:00:10'),
('5db413d3f1055400445d712868c02a067f610c25f23f2770126af053d6441563bcf4feb9ab6fee99', '2e15f37822e50920d0dd4633d52f262f4ef0c5dcc071f05cf73bed1d221fd816e27590c376d1c57b', 0, '2019-06-08 09:49:55'),
('5dc63549b688582c1d44e1d30313318d047bb4b4845b6b094b082835b5327562fd3744a753a74c8c', '9a25a11b75327df6a67d12c35291d5449391c7fe95060b6ff188fa464b3a1787583bfc1e8521d7a0', 0, '2019-06-06 08:52:03'),
('5dd92885d9d0d45e2c9c992b59f788c7cac1fa710533fbb1e63184666562ab42831b42834113ee25', 'b9c44cd9e006e076412de4f6762eb9670c9a29b45e4baaee9c46814e6c8634f5d3c017503ced7266', 0, '2019-06-06 09:07:06'),
('5ddd2c129000360b7ea46b9e0aa8dd4bd287f71053bdae19bd3fd60a20f9c7296695e76ea7f3e0f8', '6c018be071345cbfa09b826a0b41d82a6e2d2af3201d8c268abc26330c395091affe60caceaffc93', 0, '2019-06-08 10:07:32'),
('5dee6dbc9413b79a89f3a3ac5ddf9f608d348cc74445289f957cf0efa2d1770b535204c9d83b19a4', '410b8f90092643f574f0694d5e77c2f611a5a07eeaf7605a68257f11dd9932813f835b748fd83fc7', 0, '2019-05-28 11:02:45'),
('5e3efe6cf358930322ba32cafd0d0065d627b77df4b50c47d3d1c82f3ce48d5b14b0b4095962bd95', 'c85ab0496796aea292b74b3b36f6541bd194b18f432f6b14f11e2488de68099e40bcb03667d5e865', 0, '2019-06-08 07:09:58'),
('5e7cb76accac9a66fcbcc0e16b5045f5abbad466ee6bc13a07e2fa83f2bb267a6837898bb8db9fb1', 'c736146ac5df5db93d8b1e6950efa8443098a0c3733d504b2dd194f8ff4693e5cf71310e9ed9fa0f', 0, '2019-06-06 11:25:22'),
('5eaf6fb993e5e05aa3eed0de59ac0a96b4c526d968d8f9d82daa055df8d0cda6f63d915471452837', '1db7bb00419a9df322b3d5030adbf800d961b5e6ee5f90b035fed9bcb73db14150d8063d77d250b0', 0, '2019-05-25 06:19:06'),
('5f3946333ee6e0919ad3f7a6df50574e5f1d6b0e99486e1decb223eff7c1755e1725a468c01666a3', '9e9097ee4f6850485480a9212b991e9ea970a20d708c3701b0f0f29cfb3e261c0415751c22ad5394', 0, '2019-06-08 09:19:53'),
('5f9847aaff9b85f01a7b5a83f00b4112a89a0bdf15f39c90b6c1afb076c1e8265c27828bb5a9695e', '6a6cd13effd5c8325b4241d22081e6a7ad55d9b7a55b3ba327ad36b6ccfec35af03350315cc50cd7', 0, '2019-06-06 11:24:33'),
('5fdbe2dd80b8b6fe348819866cd3443eb056cec0588fdab535370f7ccee709adcf1aa28f8745d2c2', 'f20b642b6d0c52cf8c5472884cbb78ee31cd2aed5311716afb5a1875c154529f3b486c831bfca69e', 0, '2019-05-25 06:31:42'),
('5feeeeed3989c8c5d1a98a3c5b195af21ca5214f03277ea21f7647c2e399d83d818ea4824aec2e18', '763aba5c0467f52b5e79821f8a1bc2d0d01dfe39a7cc28d3f0fb5ddb4f4ea6e6c85592c4e6912171', 0, '2019-06-07 07:02:24'),
('60b8ac5f2f415e8cb010004c6568564816b28d88184870c7458945ac7a4af07c0d73b0f4eac985cd', '78e39aff5aa70632d76bd7205453369b3aa7f9865df80751b73553fc921df6495673ad84a3bbe4e4', 0, '2019-06-06 05:28:20'),
('6144308ec80c5f09e0cf88fa1c5676464165de3c78669d439846d96d9902939d87dedd60e6b3f4be', '683821cca5219fa803f64a33354303160ae552957a7f8882e2e76f702b3389646ecf1ee6073bc062', 0, '2019-06-06 09:24:17'),
('617cd9dde333b53998b70b4b13dd02d96f63254f35627fdc0b0276285d444b98a48e97b3123ff80a', 'e7cc79e699f4469ec4eeb55e4e9e2061db6b8206518ef16494f0d00917abe629026a9e69737bfb31', 0, '2019-06-06 08:09:26'),
('6219786678ca35c44f3578189a6fc3f704b38707239f04a8f30f36eecb0dda367646378e0cbe499a', '17610fc15627fc2cced73d7cf510573c3ed151510060e660a46d7310b3cab0c1db427b405ae696fc', 0, '2019-06-07 12:55:26'),
('62b4d43429f39e729f5dd5b34b145cd5c710c506bc78e8a26cfb4a681482273db0253884bd4807ab', '4e9cc69c7d5e7bbe349e31b3ac347428fb491bba7af139ba8e51b559f0efe6849c8e0fb6189f06b8', 0, '2019-05-28 05:49:27'),
('63711c59c0d146e1a48915942858b592d09dd6f7633c62076f6ea967cf20b765cba4723c74381141', '57d98ab1e6afed42fc7c2b88c0c8a29a03fba89352c391454abb83be8e7038b3328547023e3184bb', 0, '2019-05-25 07:13:38'),
('63784c52c404b26f7d565ab48b47d5703eb70a09ddc96a8e1dc96740bca26e2d96714e4ef13233b7', '01c531bc372b60365509047faeed3f56c0c524274f41c7c17be0692dfb09e7ab2aa899a3c2ae55e7', 0, '2019-06-07 13:01:27'),
('63a40a29816d47aa12e260141edf40a9ede3510f97770a00360623bbf75c5bdc85fc90209848daf5', 'bef0be4c36d0950cbaf18983a18329971024266c96f7b18cf01ed573ded4dfb9551662d014cdff8d', 0, '2019-06-06 08:54:08'),
('63b1b3847e241e1d5587199d6ae374f8c5330a1cb5c66763f286fcbed7db2ee67667ffe8dd7c6a2a', '4dddaf6fa4c8286f302111783c7f1d3f2f2afeaa99adceb2cdf0bd949a8fb5a15251afd492800538', 0, '2019-06-06 11:24:20');
INSERT INTO `oauth_refresh_tokens` (`id`, `access_token_id`, `revoked`, `expires_at`) VALUES
('63bebf0dc716b2e0bed54f617d7f7fde97609522047e9a0c469c78ed59140b2b18c5ffaddbdef495', '2ecf4a87dad8258b575d0b7ce97ed1f4563900961caa5621c8f94ddc6658ca1c78737240083ebef3', 0, '2019-06-06 13:00:34'),
('64a808e44a61f244521a925ce7b376db531cd07c5e058214b03ed018a3c219f2f11620929b9caff2', '44dec6126e01e77266d08d9adf77d9be0c96f535b82f193ed896557d446e849a6b1a11264227f4ed', 0, '2019-06-06 05:49:39'),
('64c5b65acedefe337ea91fa9316d13945bd7010d07880d62f50dfeff469e15dafedeff0b31e94818', 'ad781ac2826f32c1379e277fc4a5f0b70695c2a1c1607e9bc4a017f9a909d19a65e6300b7cca94b0', 0, '2019-06-08 05:38:47'),
('64d2c12643bdc5e1a1e708817171309a95849bbcdeaff662e907ef0a65e6548d6e2cea17bdbb735f', 'c2208b90537db0f2ea1c7a8c5c2b2cb06860cf87823e62cb328db860286490e8b72ec120472e685b', 0, '2019-06-08 05:36:06'),
('650422ae9fa211ebfcc959889b9be6413f6c685144d414a0b17df7c34d74bcc2ffdf573c64b0c12f', '601cb23f8fc0ab7f2ef63374e88f11532c1df39d3392d862a9660e45a766dbdab34c58b483e3937e', 0, '2019-06-06 10:45:15'),
('65aad34638b10eb4412427c8d3b63190167e333d49ed7cfbf5e3227fc0bd7d08335d4b0c30e9fde1', '76208142e16751a9a5cda0207a016c4c56b632a3c1fd9245faf0f271d1290753cfd6a8e27df8551a', 0, '2019-06-04 08:52:50'),
('6664cbb3389d4e98313ae7d52a835b6a27bd14a81cfc8c4c68ee60501f25867c87cd7fac1abaad91', '4eb6ef45c386ab283a5ad2dc64cc4626fec8bd4992a7bc5eea08a047e8a1121a5ed25e4d591172bb', 0, '2019-06-08 07:41:18'),
('667e2a322ec1d3a4748dc0717fc91a61d356c7d157345a8ea43080e61f447545c1f2a56149363091', 'a820cacb221c1d0834a839d1e29f4dd83b9f11a60682f6474d824e82630ef7688a12c205e5ccaca9', 0, '2019-05-28 05:16:04'),
('668c8498ca3dacd239f56b88b0d67db28485d3064d8e2c1c6d6930c08236c88da66029ca236c631e', 'a84042037edd0e11ca6f5fd6c795b2d940cc97df6d87c9eda2bf5fbd3220c546181822e57c7cde16', 0, '2019-06-07 07:05:51'),
('6694e419ae08b155b5e58029b688fd712c1b58ed6e0d15d6b931cc2b99b9df5e2fc03539710cd42a', '48964e48755939a25266954e56594a99c71e86b2c10715bad9ca875df4583cdef3dc44f07e92856d', 0, '2019-06-06 09:19:08'),
('66a9c28c3f89eb89acc92e6732d96b32370250ba3ca2c80d1eab52e798cbc3236bfed85ed37bd2d7', '873deb9fc84cd78bc947ab2bdaaa4a3e43487f62b0494bb79602b2264fb77b149100fdec2f7f62a4', 0, '2019-06-06 09:29:22'),
('66cf5fbe7963d8c48ded6dfa8d8d64aac1f102b6d6f4c82d3e5a887892006fa7d468349cddc2ff57', 'a627be7bbd888be2deaeaaab920085b4a8d665a766e760b79be6fa17204506b3077b187ee094dc92', 0, '2019-06-06 07:01:44'),
('66ecbf4af09067a3e075cb9570a8803af29f6a068ae9489946d5be03a082852afd9c066c1a1f80f8', 'c8455bf669d7f2a06aab92586edf324271ec5002c2e038d298213009c0a6b75006b655b2c1a07520', 0, '2019-06-07 13:01:04'),
('673a1b69fedae6db2039a91094a68d28d229039ef869d4613b316f822f00347fb1863756e6eae2dd', 'd1d6f0dfe21cad175d9864e71ea18ef9540e50d2fa20d7bbd19783f3376f7ef243c8ec554e6fbbdb', 0, '2019-06-06 11:25:26'),
('67455d6666dc041225be6e74e99a8aa7c08628f3510e2615fd816d386a5492643202be02f13dd3e5', '5940a63d789a195b0576f62527543c7f98b376a2233be507699a729027170c4c8ee1d50033c42439', 0, '2019-06-06 07:17:37'),
('679a5389a9f8ba6d70d5ff7c026ebeba0ea8627a3925e6dfc2f848e0f1aabf878c563a3cbad45a01', '95d32871d6e74a3c5c69d538e9f66e76f4ee4326861811bea2d9f59e4191cd2a129570cbe7cb01c5', 0, '2019-06-07 12:53:45'),
('67a556dadae4ba7ad5324f6eeecd37ae7a18fdfbf8595d8c50df68a18be00899c38e3b287f4f365d', 'a51019f3b9a8e23c0061e6dbd23aaeece25d6c647aac3fb1711c4fa92307abbe69bd6fd52e265186', 0, '2019-06-05 11:48:29'),
('67ea4d25ed396f46f5a62cf315d93524a5d01d1b100e35c1f84684f14da3ff2d4c08bd641c76057e', 'aa67e7540c8536f88c656241eda001490b26cb9f2e3312ab129e1005a8274f27ae416d6918c786f9', 0, '2019-06-05 11:49:40'),
('69400df74f7e35fd83c0289117cc8da07634b5436d5686301f77060724c0c7f9c50ad934b57b75bb', 'e9129e22678f0b96d1ff88f3f5a1f54063d3eecb6d1b1e081aafc5875e1ba31f113b9a3654d2c218', 0, '2019-06-06 08:55:32'),
('69d8e38bb66e3f2026baaf7d1ec4c883118f35b6cc44748e75e7783bf23f38ed1fe86c84673edb30', 'f1a3ec22242382bb2c0fe5dd660cb18039e3a18f4be6c131ac1162eaf8d4e6293b30edd5f06315d5', 0, '2019-06-06 09:21:47'),
('69df470e3696d0b976957696f74e4ae544908982d36129b59df23c7089230e7dd731076338d756fc', '6f81fdcbe361b704724b5746e1e65f384bef9f14f915d5dba3c2882725f03d030bde5e1d09e64727', 0, '2019-05-25 11:43:27'),
('69ea7aa0545a4cebdccf84c6f04d2493bba65302af277036f4c32e85ca6e2622e33362b47ea89453', 'd2151f4c09368423bd455f74412554176d15ab305f21f3dd0cb0e52d9681da8ae0d9b8ad54c25f99', 0, '2019-06-06 10:28:24'),
('6a240a79c3f26c8df1f20aefb3ee3d8ae160176aba011e1ef2743e56336342f246b63fa6f9cb021e', '2f6be99a3f6ebf074d647f16bbcacc2e54b2d169ba53f271a4512ad58174196ef231ab885a03b565', 0, '2019-06-07 07:05:52'),
('6a65f409efc8c84995127bc2285ce1d8fde77acbffa3963640a15528e1bac0d8e3e8b67031b31f36', 'ec784cdcc95d81e969d9f43973340f360bddc42a8c7f28396ab1f7fb2138fe446e66067f2b9332b9', 0, '2019-05-25 07:04:36'),
('6a83dbae2329aa43f81d45b634d4b869083596ad0b626b71ebf73b747b9e18cc00427956497ad7f7', '710c5a907d56c86e97a9c2389f94f0ed2897c116aea8fac01411f7a18fbe4209e613eb6a198b823c', 0, '2019-06-06 11:40:52'),
('6aa29d0f84f2ea924b9b8d12ff87928a3c12784978043798c6f547733b0a826a120b011056bbc0da', 'd0184babe9c293a80f1c884c1e95e1e2a8c85bf8e7fbe8828b032d4abdec7d88ab5bc4324f508ab2', 0, '2019-06-07 06:32:57'),
('6aca6f5521ea60a02e6b834b375bc58c5ad989dc194e679d43c238d1988338c05c7fd4e7a8947af9', 'c85754a299d3219bf2902fdb368a29745fc15c031510d79d6e2a61a72447803348a740c884bb323e', 0, '2019-06-07 05:30:37'),
('6ad4eb43bbbe054d05b85e5ae6a515ae374dfbc62ad2826e9d68a0a0a725b945e4d9cbe21fbf115a', 'aca83f982f74a4ecb573cfdab2bb709624cf3d974ba9e0d4b2cb0bc5681f941a37b5ae838b7c7367', 0, '2019-06-06 09:29:10'),
('6ad7b2f5d2df754e648e530fe30f11de0cdc3e4dc15a7e5fc32c96c9cf5cd2fc9b82dfaa51fd27c4', '4be53abd003cd4d8e89e709058063e87d61fc75601cfd78c127bfdad05034359627a3f8f931f2ae0', 0, '2019-06-06 10:43:25'),
('6b2ccbc5561240e23015f7193d329ad5ae7d9fbcf4e0acc673f248a21311af98560ca34ea7e6af64', '8216d9388942268734ab2716c1628431e319599a0ec1df093381b514ca412ab6a3b42b2d93cf98ae', 0, '2019-06-06 12:59:55'),
('6b2d4890ba9ce2ab451446375af219f3a3f4c2a909077b09f515c62fd4b8cdb64412cfc75cd5b4f1', '605edbb7229195eeb9809a7ff9b395f1a1ea99e62912efcfd2c49022feb61e969641f399b38ef357', 0, '2019-06-07 12:53:59'),
('6b395eca86e7d34277b06c041b326322793680ef0ac8d5494af8b3067c0e9b7e84b2c5056c9f6d24', 'd041b18dcdec5875ccbffc73d26589c1d1ba8ad796f1fdc5d35cc0a58a9b4f3d77764dedb9e060f5', 0, '2019-06-04 07:11:44'),
('6b42b5fd14e8abab5a34e9f734d865e7346b19db204809ec8ef9009555de0f1d4772895a6fb5474a', '057ceaa79eb2568dde11d31ea7732b51655c54595112829ae815afb39b1ac2cb35a1fb7fac23db2c', 0, '2019-06-07 13:48:48'),
('6b4382c1e60fac748540a251b852571fc12549c24ce8c64fa9774da02399277e45b9879d51098353', '3b67dd28b454f628016c043b8dfa4bf5e6aa010f725f8e75ddc4a4e50d38b54605ab120e3bcf438d', 0, '2019-06-06 07:35:24'),
('6bdfafa1514ec33467ddef2a0343ae97a874aca16b959c9ca08b927bdc577f5e7f8d5c74d58b184c', '4011a7eb89c23ade63862e612ddaf74b62c9897db6c4a01a1ce77adf3d5de1dbbb1697562a33d5a2', 0, '2019-06-08 07:34:01'),
('6c10f3536d8864662196778d33c83a1a82cef488ceb052fabdc972cb8a154fb5739dbefbba50d4b5', '68ade27edd579b701c531b7c0992bd04440863e88325b9556503ac64c96c3f61c96b1c483a76dc90', 0, '2019-06-04 07:21:33'),
('6c7f64dc551b7ec0e3944e1c61c45d2347ada7318f9367f7216eb2ca136cfd4647c476b73fecb67f', '47643e44951ced6388d515b348570f964e8dd665dc81598ba7a59e36b60dc9d78b1da0ee1a594795', 0, '2019-06-07 10:05:33'),
('6c8f63f5bd74d05a033a5f6b63add56cde76251f45b0ad97abe948e8940abf025ffc3e4fb5cc591d', '14af78a3b3cc798ecc45e73297768a8b8718f6a6a1d382457d5d27f7f5fde3a91761087deb63f70f', 0, '2019-06-06 05:23:50'),
('6cbb592a3080a178d6d9858e6df4bceae1dad616a94c4aec2b38cba414aae94af8ee79ee68ddcf67', '8ee931e90624a44ff5dce104f558df084c662574fba38124864f3efdc7d8460605ebf7061dceab5e', 0, '2019-06-08 09:19:01'),
('6d2c3da660802912844551ab12dc7127a884ff8bc7371cc1e94c7c1724439b07f9dad1478f53c97e', 'e99e9b97c86c1893a3f201246422159e4e978647f7fde5b976ff8dc0607e2b0a011749b9a888d3b3', 0, '2019-05-25 12:12:21'),
('6d69f72401ce43a56fcc18055ad3c495e0f9a810370caaf86268522718cfee8cc5ca1774e15176ca', '08e8b01309ce0e912a21e74293e1fa9d3a65bcc2e40a5f53be4727ed67a47ad5299dc88dcfa360fd', 0, '2019-06-08 10:06:55'),
('6d75b17eebb1adad170da3de49d1037b6a385026064a2a2d6560e946dafa848060deed88b51c2e26', '1b8bfbfcb94e0880f50582675608a96ce428fe975c216deb0993333fc6268e5f5ed942fa5aa2b461', 0, '2019-06-07 13:49:59'),
('6d9cc32326666242512b0fa33e2e1d74568679634d79e8f20a758b3385b7a6a94380e7f83e49ee3d', '3acdb7747cf81cce4cf5407f56bec64debc103560bb6963e4aa4915ebb84b6c64ee1f7e3b71757e9', 0, '2019-06-07 13:03:50'),
('6e0d81b63bc807c4135e1db58830a262cafe68c9293b19d746b60adca657d14ea2d37ed2b8e971b5', 'e2844653ecf8610595d5dc38067d21fab01162c844a14b5e0a7604c1b60fd9fd07e2e08ebb20cffc', 0, '2019-06-06 09:58:57'),
('6e326576f3d8e0a557a4b32746afe438d0f34a3e3d59e804c2aebff3de95fbea929032e4dbf98fdf', '9f7215b22666c1a1cc9ea2ff4ffefe0535092ba912863fbad0a90047e24ea9c67c97942178be2c8b', 0, '2019-06-04 07:32:00'),
('6e352773201b4859336cde086fcd26b32f964e276e9cfbd2c4e7485eb234b3d24099c462e293d880', '1a6211758fff65dd144c60231424f76d394b2bc7dbe19ceda90b33680bd96bf72aced3eae9db4f46', 0, '2019-06-06 09:24:10'),
('6e6b804263ad7f502271c8c4767b4902c922314162ea47476d44b1c7da5c0bdedbe8baffb819272d', 'ce87b4cee1579eb1bd56025e26464ee854a9ad9d11cc1983f33e52b87e0719a7e9a22a94b8433bdf', 0, '2019-06-07 13:00:59'),
('6e995dd1db24b75081dba59cbcd7beddf8ec98fa990f8d75782c228f2363533e411c13c4384a9dc6', '85a68754d2e7cfbdc6d1a0524601a1e9a2481e88f4aae571b31c924ea8b41ca18e57e4b6268ed860', 0, '2019-05-25 07:08:34'),
('6f587f6588f7b4b699c890555bdb0438cd69be28078cfc54d334c9486131244552f0454085f7853b', '510e46dcecb77d3c797ef8bb9520fa49a95f2a839c7074fdf04a32cc3032de974d60a4114ce19944', 0, '2019-06-07 05:17:58'),
('6f7f186b1cfa4109b98ba37d4e05764ede479a53138b20f48a39edd3055b3f9e533eeefcbb4b1d63', '514f9013c9c8ecd55e249d8a662426de99ded089b36287b936d136794fdfd887419c949f2297ff42', 0, '2019-06-05 13:04:30'),
('6f932cb6dfdf3ed4020c42de55c48f278bd8e2643b47f5abeb2bbbefcb29d12d0a1b56ab4d1334f2', '177eb9907c4fac04ca682b6cadaf523a2bd4eab0616e9a5efa17e7f04efabfba022df7578d880b8c', 0, '2019-05-25 11:42:23'),
('703d40dded436ab75617cb2d3463ad3113ddc7ec66e927b1839f0f8b1d43fb0d1014e71359634910', '0d42e81528c1351db6cceba0f7a3c747d12369e9edf8366a037f7c574789791e4b0cfda59bc80787', 0, '2019-06-07 06:35:06'),
('70cfeb83382ed6936bc97e18f1004817301654a6dddd0fc7cd68452fbd4d07a1319886a05b0a8111', '010fab33d6402c38644ba2c5109833771ef0099dc8c781b79158e11ebdcf66d9d809fd937113cbe5', 0, '2019-06-06 08:03:10'),
('71186058b43ea933ef81173b70797b1f9600214c82dce52920875af4fcd86b45c846cc6f33215940', '5a9349d99269dc316688966764f72758f4ec8c4d8706d4be31eda15cf2fb73246c2babaa139cd271', 0, '2019-05-28 05:11:40'),
('7187e9b5fb074fea4f79711307ba58e4de7754b92edb6491e53592e2634dda83d6dd183f5e98e071', '7b9ba5db65b826a065bbdb673b1d65a750ccf5f0efd6b1a0a561cb5a75a1c114b4b32628e80e0b59', 0, '2019-06-06 09:18:00'),
('7197e8ddce018e4bcc5a6d0057a6b97059169a00ad13ada6e2df1729fe38adbf8519c023580d00d3', '69f8596c9a265cb72600333c3cf44045cf69b4ba6b4fe57d3fb89825bf4439ed06983a860838af56', 0, '2019-06-07 06:56:22'),
('719c887c126072ba7df24c981631067a99c092dcf247c92c5f8140ee6fb65a87792580a8f72c5323', '57c6006172c64120e16022ef94dfaaa9d3bbe8690270796a6196ce312d664218e411cc8d17a227e0', 0, '2019-06-08 09:45:27'),
('71b7c5d59d9660018616c9eef51b73aa600227676cc5a3a78bb4c313f68f74405c82cbde7499c118', '63706f9c01f32b0897dc114126bfd018d00e86c3958d3463d54c2634316b648f1c1255188ed46be1', 0, '2019-06-06 08:58:50'),
('722cc1df669fa29b20f3bff9f94dcc4680554cadd954f8100ec1afde943552d721cc3b76ddc85234', '8667a0315398f4b421cc3998b69c3c320e13187f2f53c3b34ff71a9f83772441dae68c51367180a3', 0, '2019-06-08 07:38:07'),
('722f9146b009909409bd472b043d32a9f5dfed087c68007438b0fd602b792f5a79541001395e2fb9', '8f15fa64164a6c6b0dbf866c20df1660c3ad050d6daf26cfc2682709988c56d035c198e87f8a5980', 0, '2019-06-06 11:56:58'),
('733520255377b44efc2f5a4f09c97e41d07df79ff926710a3d2c5a41abd2951527bb638f623e5be0', '86776665de091ae001c3d10a80762cb3111d63df6fe5210290b26241cfe405ee7130046d54a64b42', 0, '2019-06-06 09:47:42'),
('73a389e557c0ffdd3c33061d9ba188199a686a5ce89208e85d62de78570734f94b306ee2f547cb19', '33962664602d0ecec081040c3ffd57e394575f71f0a6643098386e4e2ca8947d2fa41e0106d58d2a', 0, '2019-06-06 11:56:43'),
('73ab49d5a6b20ddcbc6958a028f2b691d81821630a590f6b3533edfb2e09bc4ef0a7a11f809c8da7', '4d3a266894f9950e51f4266922c53d9ec4e51d4352fca9aab5b340f720cb61eca07c9b3ac4f98d25', 0, '2019-06-06 08:09:25'),
('73ccc164aaf14a82eaa85132c95298397d4077e4d724c2b2771a2097d5131e99e447990f693953ec', 'd8220e48f25a6d8ea0784d0e15049cfa3c590e55122cf08be50f7d213628aed369d983f4423e67fe', 0, '2019-06-06 06:39:30'),
('74be6dbfbd48f201a991eea3f4a74a9df7a2f1d503688a4889c98256aaed422adf8a72db3b05a482', '620b3fdd81287f69f3fa7a53f96d7ec2647f1fd6fcdf2f1a9d87ace796018bf96434edf1b9d51b5d', 0, '2019-06-07 10:26:12'),
('74c902ee5a1abc660d38ebcddaf949cf7dc89c0d95169a94aa5aaa496f25ddc75f8c1e62939d8463', '31132bf703dc1eac6558e598e5b25852abea133b5ae2cb3b6b0abec27d8a44b8dfa156adc2b7d098', 0, '2019-05-25 07:29:35'),
('74f0a4db2e42f1def0360473497acc81a744060b799e96542acb4283212d9c756d563606aedea166', '3c1c066cfa0543f7d948497b59c6ce50e5509882587e61b89c54e1674eba4ab38d94bc348ebfe0f3', 0, '2019-06-06 11:56:55'),
('75333ae1d59b177e41e6cf50199f5738a6ee97d8f0df4cf854bdbb68b667203653d3365ef25dd182', '15e6d3f8d649db66b1a32027c20a0712adc866672f389518102b24f10f8b0c9f362c022b8df1a32b', 0, '2019-06-07 09:57:08'),
('7639197fe6bd3f46f644a34e977efa7acc8d171581a0506e45a2c8edb132d168c1abcbd6dc8ec112', '89cba0ec8b53c2b7d5d246199b92588d494f3e9b44e339661b92066cd8bb295955af4e342a6ce52b', 0, '2019-06-06 10:28:12'),
('7852646ed47075ee7e715639307f641dbdce037f49c0fc560c2c0df9fac575fb0cca1260c05f1aa3', '23368e93f4b5cd3cbbe95db8016ba10240528ca8ae5b8c8d78350562ff9374897896631902f8c2bc', 0, '2019-06-08 09:37:16'),
('7865906a0f3c13d7c92c28fbcc51a548de25f99da7975d4b4f0c9a12d9ef3d934614b3d0693d1540', 'bcaf364fdafee94543f8509bcf2a76e463df8e94eaac2d3ea0d0d8a52cda66eef85d3a2f88143c42', 0, '2019-06-08 10:01:12'),
('78e953e14d301264b730d548ab83db1e04aca066d0d3f6ac5246dbbcef070fdb655b492d9c65d206', '5345d9019979a1f0b1ca03ff31f3b09098ec8e123271cb7e90780db6d3f1df20d19bf49fe8c9c96a', 0, '2019-06-07 10:27:37'),
('7951c4267af6495993c96a5b9536f6c714db919ba050f0883861e588b4e7572e5740ffe2ee141cbb', '7d179c7359483313068577157957ebc4663913a0c1719afb82b629a3002d4bd84da86ba3dc599653', 0, '2019-06-07 11:33:46'),
('79bdeac9cb89594f6c1ec0912187d97247b89a51512e4379a09912f7ce681c490ec2251d1909c022', '7d7c184d7c28e9b3615f320e4b2d4b5a437143b5885706f30151d73b4ee7f9468d60c22d784cea87', 0, '2019-06-08 09:50:12'),
('7a1e539debc88da145af47b107518de7374895eec5e3e6c38ac8141429511b275889ed9d1d6da766', 'f519c7036fa16fa13fd8c71c52a6e2b89a3b97fe7b30c79c76fb55f4d456138badf12770049b4912', 0, '2019-06-06 11:06:11'),
('7a3eb9a793de34699ea0afa389c7ed1067a524ad5e0e3f093cea287352e09938ca5ca3a75322ccea', 'c943ff2aefe00cadddb4e4e4e2dcee1e68e8c6d7a1787ae4f8931b7f66baa937c99d0c40c486dbe4', 0, '2019-06-08 09:09:42'),
('7ac20efc27cd5586a6246774ce585536d88711455b48f2b899d861967aabe8a0aca636151754304a', '40e11d0a7c98870c651e4fc2c27ba7bd8155b9b54ae75fb8afd5e01e8a94a07f2d065ed8466be61a', 0, '2019-06-06 09:29:11'),
('7b264359de24ff2a536a3ef889e80e7affa01120eace4fc24a08c998c19d99ba6091ec15dc5c0845', 'f88146ce49f82fda05419ac7a81f6e1141370c0c144c5db38683776195459cf2d27f1d6df4fd13ad', 0, '2019-06-06 08:34:58'),
('7b30424e931e17d9bc5a5738bbb17f3398c506272cf6e6b9276e0ca2dd7367d6846cfb98ffc08c15', '73d089e5ea333408eb398dc8486ebbce7c7e7c954a764f1fbf0b0357021bfaded633a93d72d564af', 0, '2019-06-06 08:20:05'),
('7b4d50b4609d28425dc0e0db471f5e13547b5382dd628d4c49c541b17e60d8314aa7668c033bea8b', '3b7ee858d0319ecc6faa159fd2cf5e837a374ac01444efcf25cbc7daa33afb14bd2bd9406f50e348', 0, '2019-06-06 08:31:21'),
('7bd31b32a9d6c462bd7b880a349340f96fb1ae0d5be544ac2651960b482b87835f2a2aef463fdb1b', 'ef533842e7caa00de8f4f7318bc183962a60c0322d710506d9dd6e4f05b078108db8cefaef65b070', 0, '2019-06-04 05:57:03'),
('7bf9b9f10ad5dd4824faad1f771b5f5e6d868add686048701a99a89a816f8260dac2f57b7f1db950', 'bb15a1ccf26b4228e202191bfee6946ba3007ed7eebc8ef04ca6060b7a69da95657c1ca50acae705', 0, '2019-06-07 10:52:45'),
('7c3fb978d6e6c2f49fbd1b44af110ca84a7e6a1ee6d7a4b170bdc9a9e93af08edbcee3c31088cb8c', '65cb6a7ecdc3b69983b1e6e19e452957af678da2d94ef677d36e901bd38e90185f15c3f9ac627123', 0, '2019-06-06 08:55:59'),
('7ce274168de9cf5d744ba66aeba51189a96b05a815382e697d07048ca13bd8dfc6a64ffb799841af', '9165fc64460d5c3df5ba84c5865e5f35e33ce117d55bb5d0a64a8f3ea2f0e24465bb803be490f6ab', 0, '2019-06-06 10:11:44'),
('7d60cc4bc5651dc2ebe787a5cc0b7f8c6026278fe6679b36ef9c3cb183886276419c47f719ec7543', '57b83eb760141c4d2b4a877959754a43c85a974bc1b00405aa4be9f6f0b3204dd9d76a2931b6bb9b', 0, '2019-06-07 05:17:21'),
('7d7f353c9b0de8b00dbaad2b5c90227a310b2fc1471c6eecba55a80e52b778ee58f50ad3ac3a30e3', '751b026e0912c0a4fe6a104f840c76acf48fb9bac1c3d9b8c727957e211a0938aec3b72dece7b638', 0, '2019-05-28 08:21:32'),
('7d89b8f581b224085d2406a46352c528b83203a415f26301aac20a6795fdc80cb8e1f4ef4935ddca', 'f2f4dab4e0ccd901243a718f524bbd1f34029e86df678f48a4d84b82e9b78a9f6d15de6bf0b2b517', 0, '2019-06-06 06:31:52'),
('7d8e88479450e546fa2571aaf50b7df347efeeba20add6579d751c82aa3cdfacb0acd124b84d3f10', '61934b481f3c76bcb54962552aab286896a08090134191d7954370571c722d05c9883fd671cae504', 0, '2019-05-25 11:54:24'),
('7e9977d332e9b47b14142ca4dd3094af2f6c92d684c49c0e378b438914d7f7f537b5eeda7317870f', '64a0cbac252a4a9dfa35c7b1564b52df3b4880207313a863674e10b779a85d8caef95c414e7f793b', 0, '2019-06-06 09:16:47'),
('7eb079934347533339f601d6454ff66e2d7442a9882eb5e0da291aa5c2d4760ae2633ee54b95adb2', 'bfbaef3d1e1cbbc330cc62a1501acc9165fca55109a66a65e7b92f696f1a054b8018068769d09fc9', 0, '2019-06-05 05:30:15'),
('7eb8ce1d48920591cde6dc2cef902ff2d9fa6208a08a09eed3f56705d35b5f4d6adc7a6697681e37', 'abacb978bee51712754ae37d12d7f9925261d886ebd338d3362746a8adc362530eed9eb0376fd5d4', 0, '2019-05-28 05:12:47'),
('7ed2cb5a2c438b945565d8b640a163dc0070ca44b9e00ed2b7248abc992290ddd4d7bb44f0d318d6', 'ef02808cb2f2158a47a15733735e930a4e92e958f1f5d6168ea8058e0f71870bc77a19b9aec789e6', 0, '2019-06-06 11:24:46'),
('7f26cf0eb6e93b8d8c2963276a291956ac6ffd097d6f0039a4aa08d009a625458c1cc6cda5e1b9d7', '4f4904d24050a4742c5ee3cdfbe3a4431093e5ac9404799b15177918eddd671a8ca13bc4788d990b', 0, '2019-05-28 10:14:08'),
('7fea9f853eaa52874803a9636f76153f55eded8a021017777e129c23aae7e0d0f5ae18f2d1665a0f', 'c21921d11b019721fc6827c7843e4a66fc60bcce30563c5c7648a5d8634d6c57336919e73e8763b1', 0, '2019-06-07 06:53:27'),
('8097fa2c3e03b0fb36b4b57056c3ef6756757a86db9a4136732733a3f7204eda23437382ed3b7e48', '56a7e25eadd858bd13eccc993401799ab3014d3a6be04bae2b0aa9d7356552a1767faeb0c3ae62c1', 0, '2019-06-07 13:00:54'),
('80ef2f1d69a933f31bf807d33e92ba15aed809831ec88f380e71e7c18db9e88f16eeda86553ba70a', '12a9d550c8e61f43a52ef05769fc77e28104885f97b70c8586b98c88d642f71f420f5618651b25b3', 0, '2019-06-06 07:08:19'),
('811b332831a2e77bbd774264fa8a69e556477868cc8517c2dfa7ae0d982c7c2d840e81be250c9184', '8d8733620fb6adedf1c9be415ba6c4db7d002dc5a556c888d614a7e7df4e4d0078389f2af11ea905', 0, '2019-06-06 09:19:16'),
('81bf693469355e18a67ccebeab2751facbc126dcd3644720b2dd7a0ae788152a9ac44929a32a457a', '9015fef5b35949d20c6e356a8325f02144e6b3650b923c0a9c643fc8a1fb50b273a15d33539366ef', 0, '2019-06-06 09:17:45'),
('83ac80b5b0f1f1d6665a24bd98824ed5ec3752ca328e0fe069c71940abadd7ca89ece40e8cfc5cd8', '2b76e70c2e9b7aa09698243c3b8635a5ab6ea2d02047e572cec6c5524bde26345431c88597bafca1', 0, '2019-06-08 09:37:10'),
('83f35cdfc6e308f9aa3aa4d412bcd5f5acd3a9fd32a27f7f1d8eddf7a161aedee75ff56fb8ccfdab', 'cb4a1af7c8b825df710c42a8f24fad05a8115d6591bc7951479a1f9aa9d34fca2824161f7bca6a5a', 0, '2019-06-06 10:47:07'),
('8426381ad738c0a3bc8f41c1f57b5a6003ebfcc84c2003e559403da6cfebdd93f5faf72e03adeacd', 'fafe7d13d2b0632d18cb2a557ed69b5456a621f08fe10f486675e56509f521e9f2998a9f934e694b', 0, '2019-06-06 08:29:13'),
('84595c21595b7c87b77d14c51b9b3f403f2291c672757bfd645e78551c6327d139a796f1371f0461', 'dc517c7461710d469c1f724c28701f70bf503412596a5dd429d67368ec3a18d21df4d49c2cf05952', 0, '2019-05-28 11:10:16'),
('848b95debde21461006cbde862dc3a9431b42dc18febe52aa84d1ffa5b4e41d5a8a5c771f9feddca', '2f0362bcc942e00fa2dffb1aa72b665d0c8b617d3930bbcaa2be314c4811584f5e9f22692fbdfcc5', 0, '2019-06-07 06:31:17'),
('84ffe4d43cadab257a29b8141323a067945d336092edd20ccbe3bf31776d3ace873b40fd4b4baf55', 'ae8b1a3095ed34d82caa37ac60ccd9edeb76170eb9b3c9dbebdcc85c4f8c4c79f81a911fba6f2692', 0, '2019-06-08 09:19:54'),
('8533e4fa59daeb06780d6c3f65ce81f9cae63f30bb6ad321621582ffba1904f6c5f00f52fdb7fef6', 'f9c65418efd379c70deefcfe01b77a64b33e5414f85cd7c00e7ec276fb8e67c22fde3c1d979e3d5b', 0, '2019-06-06 08:03:11'),
('8544a52873389bd0fc71d2887f480f0108cb60651e9df11ebbfd2739ba4459986413755d97ffe93e', '5bbc3d446f92347c6bfe783ffbc170a93b2db6b5c49717568b91235b50762fbafb830e604d0f7571', 0, '2019-06-07 11:33:13'),
('856b8564df4043df6e2c997d83c5babad2562e66552681e23c5e673e1090a4e831ded3c9ed2e5447', '8027523729d499f6e512ba722ac40b589af4449ac12eb21e891dd4f9466196339a7ba2ba4a58cd5f', 0, '2019-06-07 10:02:17'),
('8576be6970ddc8b9f90939df216c4515e45d32046e4ac79811686267a5e3b1c672233a5b5fd501e4', 'b8a3ec2acba34af04f67cb8f2f76d99f7b6c96333ead007aa7d0c27f10aee4658cb961d15ec09984', 0, '2019-06-08 07:40:19'),
('857c76f117d0161fc67135df209751609c70bc593f5114a82aae56fc235c8162e2aeabea83b1cf7c', '2e030de171091e51ec34133df7744cd886e28b45fb77bdec8f9b4491b0a387efa764e096fbacf448', 0, '2019-06-04 08:48:53'),
('870eb2da8d0f1f8fd8beb697015519e326e94effa024b87e2a853d8df687f87f876eb3922b543749', 'd1ae8c1876f340f14dfdb79a087f668a006c82ff4f399d6fed94f9a17646f3d733618675b6f78917', 0, '2019-06-04 07:33:22'),
('8722e46df0e37de7c206e61c8849ad62b86b9a76d8f16cee267e8676a7c966487ff5b59e909dc8d3', '2f42ddb5b83befe12061d7734baf8cca1529ed78d4139fef236cdb6c74d4f883a4355854e8779f3d', 0, '2019-06-06 08:19:50'),
('879d0899cd588df3c4db53ae184086948fb5c1da292c782c5a1246018c3c08d50f3244a5e08b25c3', 'b8d27edf072f75527f4f61e2a08f212febc313d29065f110cd932b6d7a0ef7d59facab818cd4786e', 0, '2019-06-06 12:59:51'),
('87aea806f9e41452db7219ccd64cd31ba41d401e220e8e587685a1fac860724df74cfbda99a984fe', 'fbfe292a194b6b668162145064a1575284055e1ddbe107f7721375441999188c180692e3e6495f5e', 0, '2019-06-06 08:56:49'),
('87bdb97a31c4ee25b5ee1ce686656d3f515df8a800f8455f6860c8a3e173c2981334ba0b32492c08', '3f2726902664991607c08aff68dd9adc3d7d898f72a5d2735d6a7d5832d91a6b88704b177c146d72', 0, '2019-06-08 09:45:28'),
('87fd3a8822f2d1ba87ff6617a7030f5b5c9a9800ec29f8f7c83cc44a5c4bd11ab2ff6177c0462833', '5d676db88d482ebb47cc49bf921304095e963c72f1233e333fed14e04ee4b763f60b5edb7e7333b9', 0, '2019-06-07 11:32:40'),
('882aa0ad1fc73bf3ee8c4d662b26b36a1613ecf48c0b53a8206d55f7558eeec3af2657584804d648', 'fcec4bb4272c969dbf9b3083a47c8127af696acaa9b121cbd875688a5123319ba21b86e0b786a3ee', 0, '2019-06-07 12:35:06'),
('882e602debcc6c61497b3de938e9f8ed5c1d9539655da24b990f6e0bd489d8d4acc8d3ec1e31c332', '7c1e002347cfc1b6874210faec1436826013644b3986640bdff355190624c6ebf63dceb53767af5a', 0, '2019-06-08 07:08:43'),
('8919a21c0a93755137aae1c2cee11a3350a316af6c4dd9bd7ab6c53b3d5b1c809200a8f93ba4d255', 'b0fdae82ec1956b5eed033221bb0b4324e5bde02c72e547b2d2145a2bfd394ec3eb59571382e0d9f', 0, '2019-06-07 12:53:55'),
('89610f6e1b7a6a99675ea38a7358f71cb40435464b4bb94e69f6159b89e0d64a188b79dc552f208a', '359f224037ce3077034f56a7ff9768dff332a9b9e5ce0893c1ac115d906918a387bf5a8390e1d1f9', 0, '2019-06-08 07:33:14'),
('896d1656d3ea4a335ce0843031beb681ba065e8de70048370add0c5c54f04c8d3828dfaf016e0f5e', 'e5faec860f70cf709e0d3a266e4102afe25994cd67ec8b7f8c465c993ca66525bd9d23c70e7be293', 0, '2019-06-06 10:40:46'),
('8a4d29dc1a2b2015eed107fd81f96c5792efaf44ecaba24b3dcb972c8398e8ef6c1b3fa587258303', '2b634c6a9268cd2733276272a3f768de828b762c0b77721332c28f4f79c4dde70c86efc8b6306c48', 0, '2019-06-06 08:56:17'),
('8aa2d6872e6eba8212eac5ceb051ea42a5bdd59d938d13d0a522cca3dc2acb0740a822c7bf5a0d1b', '983d5ddd4a3728073464e4cca9d745c2690973a37fe455be9d49f58096d1b1cfa819524d0fb08fda', 0, '2019-06-08 07:37:59'),
('8ba64fd36e3fdea8a8541abb36558ae2e675bd20540389b4ab2a559f58bb2741bda2bd7846aefc72', '49b3a05798bd2ab4d6aad62d88220f2e10cf3fb7414364054b1cd77563944828400f7cb127630dc3', 0, '2019-06-08 09:38:03'),
('8bd8b6ef3e893d790e4b46a4de26575efb9561ee67b81437406c228ae1c4657f93a4995e1ccef741', 'b7dd878d1dea1cba3b5ff188799c77913f869d0682e6d2ecca954e049faa5342104811e66ca17bc1', 0, '2019-06-06 07:36:05'),
('8d1d990e59991d89560577fd0dd1f56a7d50e851640f2a15453b7aac82f5c8986a15cdf465bf9a9f', 'bbfaab250ec54b8af898dc97cc8b595bf882ce1455cef0ef7b8b80cb52979ed13c70923b310eeee1', 0, '2019-06-06 10:42:00'),
('8e9930ad90ed77987d02fa7a9cf96f8bbacf6bef81297e44d44fa6833c39be46e538a422ebfd2e79', 'b14cbd24662a6c4a2083e2e5f0d7f46e8b413e30e073ec1d06078efc4de588e0b91f7615250f2b03', 0, '2019-06-07 09:57:40'),
('8ece5c09520e4ca72e265c1ead492c40608af310d37590eaa3851250fb20011daca57a3c78314def', 'feb9ba71ab7b1b2875b855bf603619bbe84eaec28e32a5ec4c31f3bc4bbf65ec9058de007abea348', 0, '2019-06-04 07:32:30'),
('8f61a55bc2586a3bdeb35b755c64453e31e50ccbfb926577e052cc8d00f2aba13a2d986f780b3b90', '16ae0501d82b1e973d6cb29b87c3bb87b12e1606989c54247834c01b68c6f1364013fd6b2e5c9837', 0, '2019-06-07 06:55:01'),
('8f6b29f9b4f25e5f95197a59d5e2a2ee3bdc1a83a6ec654c1bc83120baf56be7414c79358655886b', '66ef3cf737c5f97e7189b71dfa17ac97f5a828badce6f857866c8b49ef9c6964752f4ce38d7140c3', 0, '2019-06-06 13:00:03'),
('90167fce2757190c6b68f9b636ea684ef31bee0d1f9a0569855d353b8065b53d9b9604007785333f', 'ef61bc49d47818b0ba134c0c1b626134e3d63dc7fd33501fc496d3069c19f064dc59fa01c542746b', 0, '2019-06-06 09:26:24'),
('901ca394534c5997d4fac7f30926d9f486bed9a1e3177df488c442b1b201217ba17b2b5541dd13e1', 'e1b3cae8ab0afa6f27fc234f6ab3ca2aa9ec5ad7116a20c673890aad99649c7416fa2e3f7d51506c', 0, '2019-06-08 09:39:13'),
('90ecefcf2952b52bcf419d54fee723bb998f1a739ab8d3a6c62b528fc2b0b14f9eed63300de817c3', 'e1e4c5a8f291cd3b4b42c03867b483f021bf7e65998884613df6393796edb4b8188f4c1f56e0e340', 0, '2019-06-08 07:37:29'),
('90f173b8233fabc3288a29897a453be90404c0d1d0d5738fa6327600d91db8ff8142573b40c02599', 'bad5a3a9f5e176bfcd479fc88ce253ef305d10b4941c443e9d1da692ea883cf3538188c760a94afa', 0, '2019-06-06 13:00:55'),
('9108ac99b2d0a940725f116cec6e99e9fe91c6f8f55b6ffc1b9dc549265a3b2b85a342fbb28709ce', '754516933b3f4491d625fa7edc2f96ae9d113ed8c62c5abd4aa4d2f67379d827d582f061696936a9', 0, '2019-06-07 12:56:29'),
('913f7b359a50dc2cecde2fe11d05e9e33f55cdf7b15fb72c6dc245e6efdbbd7bdddbe1286c6d8c44', '63b643d1d20a991fded6699a27db9a805f21a2618318709fb57faee6eb6bcad5d850c8c1592830ff', 0, '2019-05-25 07:56:48'),
('9150f60981a4c1f15ec0eb8c927cbd84c8ebea9f397193f0b15c32d2c4501c2bc61b49f3bc8f44e0', '510a95eb769ea3a9e771f8598a2cafcec27ac6f3b9407df6a2ab619daa69e5e2c45e17aa29104bfc', 0, '2019-06-07 06:32:00'),
('925065d496c6096ea5e55bfa4e5cd2bd21ca040652088785320b3216d202bf7f094c7fa4280407d6', '68f9f09212e6dc4510cd14de0d197ca9a212fa00be4720a4516307964bdc95698792807678a90280', 0, '2019-06-08 05:50:35'),
('929718ae5d7310287e419ddc4fa730bc543ba17b5a12f8afd8c3573156c760a712a8767b611c6622', '84bd9d16657e1e1dda65106d9ec10c2ecc97976fb7cef6978560769e85605c42f1045f5e9cbf63e4', 0, '2019-06-06 08:19:37'),
('929f97d8a5ed552b62725c485d3b5b67a483c44ffe495ab9bc95893c34726742aa9f56331b1f6c98', '5e2a30f244fe0fa527b5aa8990e57c276cd751fd221094b97cece0b9f7cb047147e3c7a810e293ce', 0, '2019-06-07 06:38:56'),
('9315d1d4fb8dedd5adfad7f5489834453465eff1d0c3b3b3239deea7ac43f7abb3f06b85bb6b828c', 'b71f12e55fa69f2a5fba23e0558e2a8da04e6f1fc0e23d956c03ba336b325cb3086169ba2f3c1e1a', 0, '2019-06-06 06:25:17'),
('943753e36815e9defbdd679811cd54048baac656d594a7c0d6441fb69e133c1fa94597e30bcc4aa6', '806f7f868230eb435384c527206d36891759c7d503cc5d13c53dc74a442a1bfa324a8108d3e09cf9', 0, '2019-05-28 10:31:47'),
('949e77995fb803fbef436de014a7865bf121976d6e6ff80af61ce4cb2a5270efd6e03d7c0dbf1cc1', '33d1f57d5f42ba6f128e97eecefe9a6e468eee2418a6c9c8e4b1f57af3ac5d8400158cfee2349ee8', 0, '2019-05-25 08:01:12'),
('956617a914a1e7479589b433f65c8b1758d3d746b2b044f982634976da5e63023b69f7c9cc39ed6c', '15b3fc714bc3bfaefacf985d58ba451fe039a8e516e5749e46a6e4e3e053dda7162282cdafb1a004', 0, '2019-06-07 06:31:37'),
('956c28af6974ca7de82dd55c18635d290243360c6b8095c31019c17476fd9758285db68c7e573a12', '2b03b77b52a19403ad0c0201cbc51b593146683f2c9f905bb183b1bfc7de589c6449e508d2542979', 0, '2019-06-04 12:50:51'),
('956e625b9432f104fe246f2f440a56d9c609930baea7403d8e1b8ac9b8cc5f4c117ece39c9be9fac', 'c2d43aee84b73c630161eb71214ecc00c66fdc0e3df97ac3e9ea24538d5195adbc6e7d5e77298866', 0, '2019-06-08 10:35:38'),
('958229effcb09ac736b5345e23587d391fb39e4701b147cc131726d78fe3052914043125c5a778ba', '2f928ea3416a7f7b8f488f967d4e3f4619a27b19882f2b66fe03144ae29646d9a71b1fd0a2e930da', 0, '2019-06-07 12:56:22'),
('95e855299aabfc5a46f73f16bf8d2b78b5f172feb038e867ebbd7cac10aeb7ab6aaf1a098a206308', '0a8100a820101882d24bf14f07c7a08e009d2f5a8408627b3fa80efc381057e1c6d059b8add0b426', 0, '2019-06-06 08:59:03'),
('964888ab8da0fbdab41bcae7c2fba0e892c92fbd2f2d2fd2e675c2af2b536ccaa5f4a72b345ee108', 'e2445026d9e1f573e73dd3604fd480fc4e5d3c3c26e1ca76a3d771b73700813753dfcd760c787732', 0, '2019-06-07 10:05:32'),
('96e1a582d7d86b3309578057fc11a640e55c3ec2ac7834bee93ccc587152abf2375094bdfb9e6dff', '886238f48d9c3886d18963f5b612c7967ba076680b87e746409fe0e577b712a2efd4915743f84553', 0, '2019-06-07 13:10:32'),
('975f1175d6805e1adf3030c88913e5237f99fb6943edee1daaf8dc978d21be7ebea1fe1af3371805', 'ed4af1639e2024b87883c4f471cd47dd625468dec8ad690bf49a8003f7e428cde5488e2331f0914a', 0, '2019-06-08 07:11:21'),
('977c4e6b7bedf8ce3f026cf390eb4d4c9175f1b4ef10bb5797e786a564fb29a092aaf6cc7282d7c9', '939a1fcf7e29cf43fb001659b6bc8e16378a1911085216e5ed45a67c01805f46019952b3f2b18721', 0, '2019-06-07 12:15:01'),
('9871ab6c721f190d7cfe31b188df66b4f8072146c959b1c4da7bc3772d969d8753e4caa5466196fa', '8a5cff8986fada73e4e4fb72156c436ebc14ea6f1fd6715e865e057b67ad97d34821fe4c5c4b96ed', 0, '2019-06-06 10:45:06'),
('9932382bb4754edc54feb6ae6cda3a15376d0065258dd3a4d47037c6f2e23ddd9a1b7314d5dc8050', 'd03c94ce90bdcdbee8230d990132490f2b2336c7f5daf262f489585a58e3226acd811c799f057b2c', 0, '2019-06-08 07:11:22'),
('9978bc79622274d94f5737406cdb1d31c25870dc2fea94a4eb80149970c87257a7f34537750c3428', 'f9a7eaa3d8caa8119922a86ff748f30c10c477c324fbeab3bbf3fc55fb832f4ea4b7f1dbf2390067', 0, '2019-06-06 09:00:25'),
('9a123e1a9327a97b81a43b7b7dfcc15244bd2c60a5c16d96d07a191ba1bd45089c13b81d640d3fdc', 'f4e1d5e0ef7a9a96cffa847e35ff95f7185ef38f08103ca9d098bcd3c95c53be42deb5b8c899fcc7', 0, '2019-06-08 09:39:12'),
('9a7b4b7d11e22a1d1b3b1737b847ae04f5716c8f8589b297f6e786236e889e5fc16f647e623ea292', 'da5d7d39bf77847aa97b3644dab8156e812cb0f7308f35bf7a5d71122609cdcd77d03b082cf0ceb7', 0, '2019-06-08 10:00:45'),
('9a80429fc4d1982033b43f938e7d8d48418dfb2da6a12bec2aaf6d74154c353a9e7f290e1b7ef6b8', 'bfdb4bf5f2ce3524a67fb557a0fdfef6ff3c5df12755b865a2638671816b13d23179101623984347', 0, '2019-06-08 09:09:41'),
('9b2bf4bfd7cfb86b780255a57c8993532013e851ab28c51f6c3f151d16ded539bb759644a06f19c4', 'f2e2ca6b82457d7b53726e6f63cacbc557b2610cd8d99cf75ffb276613f3b3ccf35539a3d0fc02da', 0, '2019-06-06 08:11:08'),
('9b783fd5baaaff27f4117748befd3155992013145abce344f7c78e9c2db8a410636f8f6da5b28636', '0a33ff909e1e5a911d1854bd6c48673b40bcf42ad0ba637408e99cf498641c8a264784f078908820', 0, '2019-06-06 11:57:06'),
('9c80e806eed599be9e2ff4cd3f4d23670db0f22ae7530f3f53a42711cd43f68bef8f677d3b4d6c7d', '525883839e874b8e962c1531775dc1c17f302ea85ff1c859ee2e9c318281b7cb508c3adf282441d7', 0, '2019-05-25 08:12:32'),
('9ccc2ee0b9032397b7e6d36d7b7919d0200938934959150aa52d4c0f4df915ceff5b7451c19ceacf', '69eb1ab543204ef3215fa5e92c067382725abdbff4f74c5ac559610a502d2898912f9a6d01fdf47d', 0, '2019-06-08 07:41:01'),
('9ce662f57dc7f3f93a15aa33c258ef860ac43014f3aa686ea436063c6f2e7393d18f122dd9aaea5f', '9042f1b19906d37425ec75da9647b424f2357394c8b55eceae3ab30d8c46b276b9030556a241e3cd', 0, '2019-06-06 10:45:00'),
('9ce75c56901f1ab4007e84b21c9c99cd6f25e7b87ed9b9c3ff36dc3bc1dcb4ecf0057ab9afb31c45', '30b53b0dd8c38bf4e0e465704714a84f35987914d492408f18cf5808b4dd21169b26d46a61b1c200', 0, '2019-06-07 10:04:55'),
('9d102ca5b2dc02e28001f83a8cfbc5b258ceefaff394e9e2b6015168fd614f3a535fc2a6b183151c', '79abba9bdf1d683ca411e2011259abc351f1145c96802ae55d262cd8966b87218fb84288560667fc', 0, '2019-06-08 09:33:25'),
('9dad69d19daf6ec17e68720fe890beef1177c373ad84269271946ef12afe0a6b154da9f231c4a30a', '61536a1a0c741cad7ab21bf1733df0f3d9072cccf9567ac5e44472de56b44ad0dcfaf01347d41b16', 0, '2019-06-08 10:24:40'),
('9dae43ddf67a2ab87e7c89c995032b3d3f6ca426b61e2a18604970ffc97dc41d490310e79b72ad36', 'a20dde091f61a63d99bb28326bf886be00853b063125d0dbbdf16bb08971beee6cec02b9309f4921', 0, '2019-06-07 06:21:16'),
('9f9b7ae939de385cf0d1c572d19aa9246e74b47dcd70294989718f5f13f9179349d8b365b0ea418f', '4962607cb3585d15e1f839b51d05a503fa5ee5fa90e131d9cb4052dc7e1caec98452680c1babe165', 0, '2019-06-06 13:00:11'),
('9ffd8024c16a0ebcb28f472c085c8d11aa0a9aa1d6d9e458ae329f519df979b9b0afe9d5391ce875', '67c50388cf510c0b229f5dcad608f9e6a6c33e484aca05059d1395951ff2eca41faab9a3542ffca2', 0, '2019-06-08 10:00:38'),
('a04817694386a4bedc74589ce859d8589f02837aa115a39cf38cd8b6a343ee254c5da21cd8e52371', '802d736ced8280d35e9f0397d56d8f4d7ddec0551c4fdc755af819738b143da866ebcf3f269932b9', 0, '2019-06-05 11:49:46'),
('a0501fd11cb02890b36f0d7012bf36abda64486d341437f08e567357511e2a24694c67cfc5f9c992', 'd7b702c96f19d21c9280dce0925c523ca2fe0608548ef360a7fdaa0e66b49facb18682ba97e6a6b4', 0, '2019-06-07 12:57:04'),
('a090b77d5e15f0084bb7c0850525379f365411716de2b8d531c85406dfc172a4d589d2d299a68f68', '0f068ba7215dce9a71c355358941506e309bbdcc818727248e86f2ccec1fe03ec333986c7f34a8b2', 0, '2019-06-07 06:32:29'),
('a0ea5133a6d360fd4fefc434f261a414ffa024c630a1b7e8c00bffd23a5cdc1ac86126c88901ea20', '0fb70c68f04437a6e7299b664b55e0b785ba4b49e3b6cf83f305c3cbd4194517cf958f10aa10a1de', 0, '2019-06-06 10:29:19'),
('a1587a021c842aeefdb9624480e698e7bb223e5ff167d894a080fa7e366379e05dde05a8c8b81a2d', '9f2530fb73cc369102930c95d2acdf6eca7660bbdba2f573e51fd351f3490b3929753d7ce82a075a', 0, '2019-06-06 09:21:45'),
('a18eb7feeea6bf70e4991c798106969bab4e8c8e22254dede134ff36ab60005c845ceaf57aa476df', '49a03a5f50a5e612193e25a5090f7dea49dabd4a0f26ac94f660832f59e068d3d06fb49426f307ce', 0, '2019-06-07 11:34:58'),
('a222eae3bf335998bb2501fe5352bbe39f5f98ce3b8edb0eb5309a2e0f6574de714c6c566477d75c', 'a43fca8bca7e248ae0d27b110f64593bbd53fcb99586c98466e0254c3c6c4baedf494109e7619087', 0, '2019-06-07 06:53:27'),
('a230c46108a7fe97c0f17ac414cc5dfa658e8534bad65ce853eff2dce47a12a7976dff483c09140c', 'bcf8842aaf1bd90e58ab3a5ffdd0d6de45d99567108045dbd8e20d9e49dba32790ae9aff884bf267', 0, '2019-06-07 07:02:30'),
('a2a42c75e623517782094db020aa854ee3cd27164e12d797f1b36f53cb6a4462beb08cf5301bcdbe', '30fca7ccdcb0187c65cebb3858eee0f02930604ca42d47b5cb02fafecb718daeda9bea37255e424f', 0, '2019-06-07 05:30:19'),
('a2c4cddeb22c35489152306ff2fb279c3aeb82ae13a68e0a278b498ffe560b4c8e4dce6f5406d2e4', '9173604a1aad79c2748bbb67e57a582405c25f15ac3139352ab0add284da77044155b52ecfdf607d', 0, '2019-06-08 11:35:15'),
('a2db55bda8bd57922193030294e264c5605cd489f94833e849d542763d0710f8b53f380f12e9f3ab', '9f8f3ee557560a9675028a4ffbb3b5e001b60e89913d76ce4911f243ec5bfbc2159613b2711d878e', 0, '2019-06-06 12:59:54'),
('a2f191f20fed9457eca742487e125f68c6c5d478e07bed07b217ab91e033a276357087315386107b', '46df0e732c6b4e2b1560ccb0229316bb480838fd2c65e665f82aac6ec39d7ea342feb13b5a02e29d', 0, '2019-06-06 10:43:43'),
('a3b157c1bcccec2cf62003277aca1118e1e504a08f7df931065dd4c0bbb9dca4b64cae6f802acede', '59f2a075855368db8bcd6d0ac9545bc6a131b8b9cabf59fcb469ef5fe7727abf2589f8515d504b4c', 0, '2019-06-06 09:02:44'),
('a3ff67382fbbf36d1ebef292e3516677042f154af3b3d8ee66d54eace65eaa4c19a3ab3ef5ea8c2e', 'd1518a4c1ec4dee05ad3d579f0c99e5a8f53e58760eb5feba79ac7dafcd41a08722b8c19809aa33b', 0, '2019-06-08 07:33:15'),
('a48401355a0f87214568e28f65dcd04a3aa1ff290ffa6d56d03a4d8006524e27fcf785b7e678ab17', '49d6d02727eb2c3b07e078b7539b4e91fe07e2025e868f3deb15daf98b08b8f68513a7ec329a71da', 0, '2019-06-08 07:11:36'),
('a4c6d4df2d105c2a6c8c84ef0e6320213f76769fa803ae4f831f54e338da26e5d6be65d12fd62efc', '64c1cb3dd2366a97ad0aa1d1d80068ef94f9ba279d9c0474279062831617f83a38eb95f0e788166d', 0, '2019-06-08 09:38:04'),
('a4f58bfcd7839897e22f3b3f8b08ab3606660249bbc8750a7a4e36ec142959e33bf88ec5c846b7c3', 'd937b6799c30a3a010900c0be87b24a3cd4e340280177ffc64c49d76b385a87afac4bb07a528422f', 0, '2019-06-08 07:09:59'),
('a52efd81872c752dad8117672e74950f9794280654c93e3c586800c3bcf2deaba8bcc0f2f5d53a61', '40daa8084ed96cccb7e475640ddebb8b0974d9ee91b15ef3cd56aa21851ba66684e5c067883223ff', 0, '2019-06-07 06:53:07'),
('a59ed599b4db19a0b4b03e4b624e20c4de83153fcca0cfc692297e773652ea9ce5d00d0d51625eb0', 'c95f22feb13b6a6b46ba792c52e4fc652d2f3a9b9f54cbdf1f3e359bc4759363b302fdb591e06b3e', 0, '2019-06-06 06:59:52'),
('a5b613eeaf4fe0bcb159cd62ce41c75fe97aee388a0a294b776071f9afa6599828473944d3f07ef4', 'e365f02df1f25d42051a73d33883cd3b4a4774754fdfb332345a47121493bc4782c1446e2edc50e2', 0, '2019-06-06 09:16:09'),
('a6975e5602e3f54daa20a9e724d0c12eb9a2261dc839534938dcab6e1698c22aa599221eb585f78d', '65b94e8164b63898104da682963efdab3b5e44e307b256d96afb749a5b3b25420e37a60adad1e97e', 0, '2019-06-06 10:01:22'),
('a6ce7fa0fe9a1fd056ae595752fad044748d840a3813a363dab005445e87adb48a3faa5ceceb7ab5', '7a8212d253b52efddd40572de7a5167773ca4348cca31ebb88cc5e58b0b87bc009715bab285234f3', 0, '2019-06-06 08:29:37'),
('a6f2f34a204d80e9e92f6ff7917a3965ef4f682fea10f17bad66a8376d5742bd489664a7c5eb34ae', '94bcc3ef784e202524106cfdd7f40c3a4bd04ae871fe7748af226fbc0540e0ba42a5870bb47687db', 0, '2019-06-05 05:30:21'),
('a71b66af010ce35ed1627cc260ee0c1ea19044a839c77f249d13087a015d8939ef5c2f78d09ec720', 'a4d3c33f3ee76c3f8bd4e7919e27ff8abcd14e2ed3422bb3306c69dc19ee208853907e15fb83298a', 0, '2019-06-08 11:30:36'),
('a73822b5b8750b8428f38c1ccacafd30d31d035ab7e33a8f12ed3063821c558946168cb5c12cfb08', 'eb1b82c8876f0ffd58ff12f7ff32386b5c55d55fc57c6cebd748d21d0e7d855349618c5f8beff196', 0, '2019-06-07 12:56:47'),
('a7525cd5b85cd993a8c2cbe880e22ccbc5e6a272d6c279cc0086b2df028efc66a4856f3839daa469', '62369ce33a67c58633a67fe846362c94204dd4dfbd4565e52d86dbcd590c2a643c919a8a8313a0a8', 0, '2019-06-07 13:03:15'),
('a7525e949d4977e47e1dda81daf063c345ec8aa3b556b125ac6f7389b298ba45abeb353dbf3f6e10', 'f3096f72776251fcda5e53c53506233122967a237b844ffd945c9850f231c43d68af33bd4484a1cd', 0, '2019-06-06 10:12:35'),
('a9690c336f76a4c783a72b695bba9812704ff5d17fe01bf808b71f92f00c32aa39a163a4cee39cc2', 'ca04b12e30d8f895ecab45c0658bb1748a31cc7f3e32bc48aae5e63eeba719a0ff090ebfb63ccc77', 0, '2019-06-04 07:21:39'),
('aac1f541ac6c0b105aec187989906ff307c5826307dc4ab43f55d7d01f91f23c26642d93cf3adf44', '1b5002d6d270d9bac4164eea87588e5b295bfd4a0bb74c345e122ff886df656a3fcfaa9ef4736de2', 0, '2019-06-08 05:38:17'),
('aaf377275bc52c824f54253a7d1d40697985bda878bafa14737bb54f99070fe5fb0868789b7928e1', '6d630e92137dcf455bb3a2a3ada283bff11f8b2f8cdaedaca85bb6c6e4dbbcd3944803f3c36ebd42', 0, '2019-06-06 10:09:29'),
('ab13ce6312c6d1c39861f5656a615b1c80d52b051af2790f212f7435ebe019cc745c5a6428957120', '5a71c93ae79bc957d41f490bba58b3e908b0bc7ddbe78aad655dbb002705842e736d869ffc5ac9f7', 0, '2019-06-06 09:22:57'),
('ab48a51f6f8c84f347c2cdf72a4347946085d57fbaa9d36ca8a919bf59696707cd2e2469a110ca7d', 'c0756bbc22bce928281d6505fa6aa2d132dc6c402468534b675fd7ef11a01353f0ba8a4d5e055c29', 0, '2019-06-08 10:10:02'),
('ab4a9757823ef898c1d4014d83705be8b4ae8bfac7b5023269600a6b3ec72bdf6027f363fed24400', '7f17cc6f3391a57c2334750812f18e5dd8dcfce44c20136da55eb8e658ee0a518fe0acaebde8803b', 0, '2019-06-08 06:05:59'),
('ac384fae659cd20fd550652c87013ccb33ef36357ceb86e70bf850cae74794ce14c4f4933d333f87', 'e15bf1e5f68f3a5c1bff24b1049b2dd220cbc777eac9e3401516ff6dee5a315641b591f2ee727115', 0, '2019-05-25 06:50:44'),
('ae03b8eb7f4beba7b3ff95839a6d4c61bd0cda16ae90225c9bc2e7285d2a3e8babaf063874526959', 'bc002e235e97ff599709b8178053cce6f74ccafd57470ef9d8fde487477fc7adf7dfffef611eae7a', 0, '2019-06-06 05:43:36'),
('ae0b8134de2de74beed46f226c1f7fd7f28688a684b7599ea3edc72a10969cfcdccc85892df7ffb6', 'e64aec211217328f55942e74f9483bf99b060ca1519524c7e3fe21cd3984571480a00fdd8316a9b2', 0, '2019-06-06 09:28:56'),
('ae7df0c5f90cbc487c73ad1b96ff2e07ad55280f08d996dea9a2c5aa10c0c218c1534c5da97e656f', '80b718964bb8d05818ce58f53e99185edf828bf1d8ee9494a56e02a02f77d1271695ae0d38b8c160', 0, '2019-06-06 07:27:25'),
('aee4e6be9a4f8ecde19c960428614030df7432b9a12c4a947e730b6a799bc8b1b679d673fdb508bf', 'e36633054dc3d7b7ba6571f510f6ef8d8f2d2d6c75de7f825e53a258b2fa9c391738904e431fde44', 0, '2019-06-06 09:47:33'),
('b00bf88775d20fe7dd80859725ad3bfd5594c88a03bb3887a32de09b53a404f4b4ad5025ae4a34ec', '1b5c6b20ea92b1ffef29ce592cda9dc11bb766affc91035281d978cd405e0aa6ac200bc9aaf7b6c7', 0, '2019-06-06 09:37:01'),
('b04a28982451777866eb2cb8e298efceb87fbed552e5d87a6c16b9fbc33dc6ca7bc91c1abc8131a0', 'b0214c7fa0838b332ab3662e35d21a760c090f1dfde901e1ba491d7ea5cb5ba5d01630598f04f81b', 0, '2019-06-08 09:37:09'),
('b0c0772fd23c6d7dcf840a130db8f62bc6c80818b56315973a9b2e6dcca8ea8edb4e996493805cc8', '0387917b83c9c340c1ab1d01eabd592101f8e0f0383b688cb265256e07f01c6218643dbd0d7c2ea2', 0, '2019-06-06 13:31:51'),
('b181f2d03982fb627652e1765488c13a20ebb3d0b64f54b4a6f701bec1a31409f8ede77ee19a5a99', 'b51e14901e23cda6067d0656e5e821c6b5744f17a0e6fe81850d00294f620409d4172c0c07faa6f8', 0, '2019-06-08 09:50:11'),
('b195d548350043cd081b349a457cfbb5044e78573b53fdb174a679ec7b4b0de9f16116a95e4cd0a8', '66f77938e71c0dc9c95c1eff62992f07bbef863f7f08807cc01cc66d6f8f9eae29588da23665272b', 0, '2019-06-08 09:49:42'),
('b2335a8ca148cafccb626199898bee7f049f14ecebc29de2da32b758b122fba603771b52dec61824', 'bbfcf055cbb07b9d78eae2332314fd337c51008c5ec346e482197f64cd3b1e89c63a7d0fc7fa2bc9', 0, '2019-06-06 05:49:25'),
('b32b38a58aaa82fd1dff73ffc784971138a2fd48944d28585bf26b5d9270a44a7e8cdbcaa934a7a2', '1974fc38d70e3f45d56bec87ebb1a75419426f51778b4840dd8c73da7cf9f7e3e7e14abf34cc07b3', 0, '2019-06-08 09:19:12'),
('b348c504ccf39de44ec5ea7d71367ed9004a004c6afc17bc9109c5a493af5c738222f0310fc1df9f', '65158a5dc699e1a3914308b1ea63d4b79ed12cee3f69f31c3672f0b745f1a00fc4baa1ea0f80af37', 0, '2019-06-08 10:35:51'),
('b3fe4688ecb6971373b268d6e30b7d3de677012808729a4ab6466f38a7486e397ce929c70f87c497', '251a68d6ccc0f4227b6c454d0d0fd60f69caac848fecec5d2cc373ed017adf87f6615cb66a23a07c', 0, '2019-05-25 08:22:58'),
('b407f7fdb79f77e483a3939b2dfd130b2766bac2a8a944b551a8ad61e14a8a21a03f2d2696736a02', '66ccf03ccdf397a91cfaf812bb94a6969c8356ba2a65b0bc730e2ee6e1bab1d99b440916d0cb6f78', 0, '2019-06-06 09:22:29'),
('b435768d9bd6b7333935fb83f3602b8e630324ce126bc244310e4d961849e8b2a28255bae50860f2', '2ea5fd1c9242318d2069fcc6fda57b358b109ebe35b101b7d28d0367ffffbfcd4db276fed075b83e', 0, '2019-06-08 09:33:21'),
('b44892f0b507a0fc4d65dcf788f128fa6c54df77bc84da3334351b37b82aed542d6c2a2fcc2926f4', '618b49261784c27aacac05db3ba8283398aaa530b45bee7aa5d4dc417f3c60d79bbc6c7abfa63f00', 0, '2019-06-07 13:03:16'),
('b53ed2dc01073fd405bf89870a6cd50e9ec41cf27d128e492cc17d240c35a2760865be0bb12b3bcc', 'dc9b712fe961eda47ff06ccb704971fdcc0c62bc9eb358134c1a38a092c39ec475ff166f32934aab', 0, '2019-06-06 11:24:29'),
('b546fd7dae4c4198878694c984db70e9d3cfcfbad66f0eb941dae9b7e167e7400e524470e91cecc5', '1d8f9a948ab1b1920b40825f245747dd94ae8768573a6cabeadf5b42e79eee11891ba298d94f75eb', 0, '2019-06-05 06:08:46'),
('b54be745511c08bf54ad5a463318123d7253729743951a8bd40527dddd13dce458b195050171bba8', '76ce9abcf41d81dd8f7f9eee590f83e69cb3b88a7f846355f5cdb6cb020c91fb15eeb93931273424', 0, '2019-06-07 06:53:52'),
('b55657b18198525628e9289ab74a22332fe39437f8325bf113c488e08d89a7048a5c1f23981a105c', '6fa553ccc0119c2a9383e0574d1eb32849a65c80214b6dafe6df16c86d8f911237ffdb2e02c2d49f', 0, '2019-05-25 07:05:59'),
('b59c61233ce8deb81dc5c0b5bf0d2ddbb7dfaad7d1e2a3de8621819110605b943b27763bf049ed62', 'f116e3c60812650a42f1a7b1e604946532c6d72ac0357186d9cd7ba2f45eeb020e5dea00c7319124', 0, '2019-05-28 10:12:30'),
('b783216ee273d70452246a56652877979078a99ab7a5217bd0470429d521a2fcfa9364d8f278b18e', 'eb125489373a064ef7cebfa2466c813ad1fc888733083456ca8cd2cb94d6dec8b321a04fb93d9bf5', 0, '2019-06-06 09:28:36'),
('b7a1ac0c85d37e82a2f75bb3f28cec5ec44d70203ccd76ad98ec76757044b49fbbce1b2562c6a172', 'e10ebe42bad5efc080a076f16d325d0331ff86e61a271782f033b616a4ee7242db238f199a2bdb41', 0, '2019-06-06 09:10:45'),
('b80406affe41f646e488e2e8a99de5bceb4ad279339862be2531038028c0cf0b8bae4544e0cedba5', '1afd6c7683e98e2794bc9cba534b4fdecf4722f91d4ce5e421bd59083dae55e33e38fa78de37b479', 0, '2019-06-07 10:52:36'),
('b806cae6907e27a2927f768651f85068b1203dee27cb6c633515fe4ca182da1488547462e9ad01cd', 'ec232f6154c8da43b94b75ab01709231f4e8c3a89bdc297532ec2e4c0caebee98c829c038c7e1ef4', 0, '2019-06-07 12:55:25'),
('b809c7803490408f88593e5412f22d561778c1c16918ec2a32e57b7231b1b64eb832c1b78e4437a7', 'f6d9949de22fa6432d5ddcf741359be697cdf048e6965c75e395e2b00e374ba6eae8892e9021f72a', 0, '2019-06-08 07:40:35'),
('b80cb82809aef2933ec5d304eb3fdd191d699d9db8fd98b070ca45518133883163d93f7acd13e013', '71aa17fabf36a03d82c30be69f88017f3bfa22f1ea3649b74a1042997182c433142bf295b13d1ddc', 0, '2019-06-04 05:27:22'),
('b8798cea5f61b8457b6887df2443d6f0eade6bfb0953434f0bba846093a4fdb44c5f6b51fbc27ef8', '3b17f8044729187b081eec89c98415720160c7b16cf299194ae73528acae3bf9c6c37d9f1bfe4880', 0, '2019-06-07 10:29:07'),
('b87aaf929bce7b81b9430f17f4f3b571abd21ee474f6c75db62b8c6876c48053ab990b83f61de740', '51126b54f26dd2de1d22d5404e0363f632838b29b3b9898f74c992d35a53e368f198bf691772eeda', 1, '2019-06-08 05:47:04'),
('b8ecbc44d52b4e9daec3ad0e21575e055d90b8532678e4c62a41065bd98dccd3a5cf34c8da723d55', '356a0eac258ad75e9979a0d797615206f43582d87c3749837c4affafe440addc4c0baf5fa7e239ae', 0, '2019-06-06 08:49:26'),
('b9e8dec518633dea7c9428cc25fc3e0dbe6ace8b44327b344a9f04e493d061dbf56b380fe2d40f04', 'b51cc449e7dc5584f0099a7f8c6a8e1c3a627f2e46371b3ab5aa44979a27de65ab4107fd2236eab5', 0, '2019-06-08 10:09:54'),
('ba152fdde2f6399c94ed9fe94a8daf8790df7eecd80be76dc6b9a7d13b2dd6e5c71cb51104a562b9', 'bb337a3f4b8fedda93a1f88e04ae08f0a6b0ecdf64347cc39ab505b54c00b2ef88095b17f7e03857', 0, '2019-06-07 06:39:31'),
('ba5da36d625ccf49a722e6dc21fcc9d26671a0b3ac8940dff23f5ed9a87aa03817069e96e48e588a', '6cc7d61db5c3817851ede91b01e5636e53f6af6675e74fc2e00c42dafe04d1202874622c6cda9a28', 0, '2019-06-07 07:02:10'),
('bb423670600cccf1cbae0a02b3fcb514852149558796c36e8f6c93c64ac60fd6955988ccadb1f636', '7b5b5bbcc4ede1020b0ce9a522b3855617cec20251fe4512374233e213ef58fa25ef786b0a1b5169', 0, '2019-06-07 06:22:11'),
('bb66ff94f591e0a642218785c67d73b5fce8521b0ddbdae28a1a80e284ad612651d642f9f365201e', 'c4bb024c726b4edef787af1d154f10d2530d8551c69113b035d8f37ca0ac742d949b31c8038e0d87', 0, '2019-05-25 08:48:35'),
('bb98ca32fe9e590f20b8cef61f0fa8c62b73721d88db7f9b41e1ea4c67ebf2dee957648d60a0ef9b', '2a8a42d52b957bc74b62662a0a2949edb89cfd73a8896076518d3160e2db5da3cb46f5b93b801005', 0, '2019-06-08 07:39:09'),
('bcbbed6a0720d5f3ccc2088f58c9efb72117e1275511aa1582ff4026b3976b75c9969fd8954902da', 'f591e6945ca5df0aafbac75e2357c46e715f8a173e4ff77942b037581e4e86402662b31f679c0b69', 0, '2019-06-06 09:22:56'),
('be3edeb11809b89353d9518bbe174be730da6e067d8d0b153eb25c6ca036450c533372cf31655248', '0485bf05fa5eaabbd04821413dd435d62479e06a5ff9f6b05ada06073bf66afdb1a411ac60d7b970', 0, '2019-06-08 09:49:00'),
('be5edad254ae7ea43b10613145c37bdc2a86b9690853ca1fbc99fb6337f1af9bc909f59977b3c5eb', '1a473ab01813fbce2bf59e62fca69aaedc3e90395c1d0ec8cddffd4072cdfe5070b8d540c62f866a', 0, '2019-06-06 10:41:37'),
('be7834a9089d86eabf7747faad96804099609ff04c7ff77635a0cf45efee1d8e9619d5b222cb3bf1', '03c74b6f8ae94ca1a8c2e4c803e323ef38814566a443ad65a2a28ad1f5450ad49d05fccd2ba2afa2', 0, '2019-06-07 13:10:33'),
('becf4dcc78b148f31d1cb055ad794a1caae9115549bb35a69cfd552b59f57b5cd07cc181ea7bbaa4', 'faa411b42e6c0f5d1fc48682eecbde715d594244d9f6192491b7512347fdc16e286abd28563ad693', 0, '2019-06-06 09:22:30'),
('bf04b0501bb98ac9d4364d6e2b98c3d658dba53abba7eca771953e6f2162657cd3b6b583e1cfbd09', '3e635c4fc3f2525407bef0d97a64a59e324340107eaf31d06ec0e5f6c62cb6d5b83cd8845d96cc9f', 0, '2019-06-06 09:57:43'),
('bf118b3edf23276dd73e00216b9af9b8958476502316b07ffe0d09dfe87a20abaa0c7e847297d781', 'bc9e57b3ef23bf8117979225fd1c62e3e30ced7a781409a04c97245b29a16bb078c0ac41dd9ff07d', 0, '2019-05-25 07:15:59'),
('bf2c135a20b1d8a59a6de0526188024c981102cf802e6434ceb39749d460045c10c071ed393a475c', '373e0580ccd2ea6fdb6929a4cfc681c33c9a0a2a40d269677926fc428538509e589e6da8e201e491', 0, '2019-06-08 07:40:59'),
('bf4ae74d57d5bbf08cd52a012b41ab5a0093cac5123e87790f94ee262888561ce526e84c7c10cdc0', '3014ab2f1107a83bd8141e5306e93e1c8a833eee7c80a104629a11d52b750a70a5bc1319f77f4d9e', 0, '2019-06-07 07:02:50'),
('bfa791661b13f491fba5880e65d7760ebe4fa1f8eadc5dc39e42a72a0dcb4c9b71dd1761ba62adca', 'ae234f53b90443197ab84fcf29bdf5bad689a261683cf2753842a218f1b43934952e065f892389a0', 0, '2019-06-06 08:53:15'),
('bfdeb5a0c353ea0dfa80d518b5aed896d5dcd1cf776bf8a6a1d3638131224c416bd99dfbea3baaf5', '1459b78475e0addb791e0d8ed8f96723787608a48ff09214c1e55b3e17c3f2333467f549188a198c', 0, '2019-06-06 11:24:34'),
('c0388c9d75efa0d6b147c9cd677421d34fd4ebabce68b5537d667e46778161c3e0212a8a8e1c32cf', '4d863c0e39339243e41729805e848857e44bd2d82c2b8404d316ecdb2826f540b088a0bec4affa81', 0, '2019-06-06 10:31:19'),
('c1a42b1899a2700262f09b4851349eab5e3d60e1b8f0d3b06c4ff307ffb20e67a8c2d419f5fd7ab2', '484b753633784b8d94e490a59c06b800d4d8b74e48031ea4685d0d181af5a46194552d59853e6ea0', 0, '2019-06-06 10:47:22'),
('c1f19f89d4414743dd7161dd4452b75391acbd98e2dbcdb0b9cba5ca2b10fdeaec4dd49ea208c1ae', 'f285076321f19b0f24e1e8f878666b1972a3e841a9cae8d8ccb3cbcc8223d23813dce8a24d4f4377', 0, '2019-06-07 09:55:12'),
('c3c7778d913971877776c4f148108ec8723f22f1034aa5ccd6dd109e1ae0fbb92abc1cb878cb4418', 'd76e8e870b26f8d216114db5f7e9e566f57b50ac6fcead67c300d3d3232a92aba533155101795799', 0, '2019-06-07 13:00:55'),
('c42e2f060dcdfad3e0e94298170a2b42aeed608ce769cfce121a7f170f9f4e9b8c0f9d33dded916e', '9324767cee5a034b4844b2c4ead3661681b40f4e3813efd8334f6b7c8438b9e9fa16e2cc73650d55', 0, '2019-06-08 10:27:29'),
('c4c1f96c7d453c0c7bb0a102271f99ecdd571bac768179b9e3e48b2024f5a85d1b402fc43561a486', 'd4915682b005396d05516efe1b73513e8c6511ab6d21977ee20f678495b1085ce60a17cc153b5c95', 0, '2019-06-06 07:34:26'),
('c4e8e28cfdc552384fd7d06b6b3c4c9fde8fb3e78ff5d735566c5017e28bffeec3c538f272e01aec', '47499f6ecd1f37a151cfec89e92e57ca68cac5e6b742d17591e36a2fe3d90ac693d887c072547c86', 0, '2019-06-06 09:01:51'),
('c549d035090910ef9df6f02591bbc30fbe0b468dc392e1f7098275e8087f25d0bc1468a84b165d98', '3ae1532c4b257a959de7f7912ad96f3f8cf22e86a0d438f78f20334c8c42e256b95ad0350e37e488', 0, '2019-06-06 08:17:55');
INSERT INTO `oauth_refresh_tokens` (`id`, `access_token_id`, `revoked`, `expires_at`) VALUES
('c56aa370dddff130c75e3b27d209ff3ae3b1cc148a0fea9b2860a35e8e58b6052883c22439fa0701', 'bd116beacca054fdd3e7cfd50f2f2a50f5e5e57ace0145e66eb493a38b0762f50ea92120fe3328c8', 0, '2019-05-25 07:05:22'),
('c5efaa8f9e2efc1bd222a0fca70c0b8a5affe056013941d3116d8a15826a9d79a3a456616f364cee', 'df046bd05d8a6269cabb0044bd2b1851cf11402530e423bf858ad8b305348950c0636507cdcc1275', 0, '2019-06-08 07:35:37'),
('c622f4927d995ca3dae636cd19e34ea78958a8740c04956f9b1849ebc7adb099410295f84e893a1d', '0de6c8f3abd7d693b70164b7b3b99ca7782afdd2ee99f11326d2eea9bf2ee3a8d26b65039945d4d9', 0, '2019-06-07 06:38:26'),
('c6c77db02456799a1348fa11f0299c53bd6f6af9925b433348378e6e638f399eb44ae6ebd680238d', '278df4cb9d560cf951a16353a5da6cd8a5ccd35944e86b8a4201d4a86a096769f7015ab12d956862', 0, '2019-06-07 06:21:41'),
('c6e7b84b3b9f6db0cfe9eafa55d654625b27d16771c786d705d48b2bd81d9b993e3ae9e362cb5b07', '62cf8ba6a0cda915525a15a1e2d8f09af71557e15fdf36ab70b8a26ae97ab53ffcea94045850ad34', 0, '2019-06-07 06:38:57'),
('c6e9432b9d136f02b2352f5335dd4bbf0ac99a6073a36c78222cfe39dbf8739d5afe4f2c5f69cddd', '0f9c1823753f254ae1fb96ee0561a8d078e74b3148b9791d5560554fd7903f8e5b50b5d9e2372bb8', 0, '2019-06-05 05:31:32'),
('c719f65915c13f5452f786b558f64efcf7be6fcb993763fda4a88bda7707adfa1b0e559a2f58fba0', 'bff0200f982d1a18ad028e4a83229719fc0926f6d44e633c8aa174b83c5b6df55dab9692cd6d82f4', 0, '2019-06-08 10:12:07'),
('c7893ae78b74d4f4539469da2bd96573c49233a8c80d8ff78448173d9fa683c78fd9c0eb2a67aafe', '411279659ab0b33fbfb971752012055adb5df9d5dfb8b0121f5770d4746088eb1895331e92cbbf4c', 0, '2019-06-08 07:34:50'),
('c78dd6ecc67fb5d1b516646563bd4ebd4dd20193a50a31af508b131adab8d66d7522c8694a450a68', '068a0d609e6d29262b33e5371022651f4d9cccb0a57c83695d17fda8e26040eeae3836adfae1a011', 0, '2019-06-06 11:40:30'),
('c79f52c3496b20439534949b375c95192ed9b305835046543e25baf757cecc22150c81c51025385a', '767bb4f7b95c90db6f850a957ee0d0c62ad1487c50ff612b959e2e071dd038b20d26b23d17b6b903', 0, '2019-06-06 09:37:47'),
('c7bac2049fba63dd2f7806073d4d556fe869a7a5769d0bfc3fd09cf7bfabd7ad5fbe1148270146ef', '09f717e0bdf182d8ef4d45162b5087fb07e760013e7dd8c9426f13577977b08b8b6c5c1d09078571', 0, '2019-06-06 09:28:35'),
('c876e6319e7185ac1211c890880421dc7f4792f2e0cdd2c216c51943e0ef6fdd4ca19ff201384a15', 'd85490e697824343f3b06708cc299595c699371a3125501b69a85663b7758f67c3d9e108fa5767d9', 0, '2019-05-25 08:48:48'),
('c8af4cc3ffa30570fd26a4f2c130c9659ec3efebdf4b007c96349e2d26bc6b916a774870b0c5e514', '840251fe00c4d185bc62b6353345aaeadce169766c3e737ef94964a08c416e908f0616a5d93074ac', 0, '2019-06-07 13:49:37'),
('c8cce0bbb45e378b3d80ee7a58e7de2c72af61e4bfd90e3301c90569c18e649f298d488e31e423dd', '5d0c94d6b7c72fe65c7bc7100c3abf01eb6f2bb823f8b07ed521464c649392b957a7c1fbde4ac044', 0, '2019-06-06 09:46:42'),
('c8d9a705c8c56d690372462c3ffd786f59958c92143122fb663eed4ec9b0b84da7e6aecf7855883f', '4ffd20793a20eb92aeb901dd16b21c8613e1c95c70c3e90c9a0fe1e67319d6fa4218ecc3dfa3e5e5', 0, '2019-06-08 09:11:41'),
('c94fcc7ae318417ab001deb9bf4b7f9feba0410ee5837affe42df08f74994ae1055e7c354373791f', 'a7e9ff25b23832f9c508a1604947cd243ac972eeb345267496c29a81edcd833048469d55a28ed4b4', 0, '2019-06-06 10:42:17'),
('cab6f594a5679931f7a7f364aaf4fe9cba41021aea35d71bfe263cb9406dc998ab4b48cf1cc97426', 'f654fd1097c6c8678d5789390c7c28603e95981ca25724ae6972d2a962279ba5b59995941503c18c', 0, '2019-06-06 06:21:54'),
('cad000bed3c6c1444898790ac8e1f860fc7dba5c9970b28dd2c0b8bb5d4ae7fbf1453b352760d6b6', '20f418abd50f67816ec47669c640920b7581b4472aecdbb7e370224669afd9c12e9e2dec86147d58', 0, '2019-06-07 13:51:11'),
('cb0883e8b7029c97e64689962b794c99e88a16f9f58a790119b9168ff0c5130c18b8baaddd9e54eb', 'ce39eb4f347999f8ec64f30cb7cdbe922327efb9ac2d5ca2a9202d28b57237cc94cbca4c4c954266', 0, '2019-06-04 09:36:12'),
('cb47a90856b193356826f1e47b84f8624ff4dc9fd356fca70793936cae9e633e068110d9a9e23338', '43e0e105e9891d65b6f0f69f4544c13cb2303ecd04dbb49dfb2f8ae875efe34a7086d5abd624f9cb', 0, '2019-06-07 13:03:28'),
('cb4b829dbe5bece14aba7b61204001f28c016daf31340dbf28c54939558659eeaed1f8d8d8928027', '165e8e18a3c08d64112c28bd2ad4c9d03ee3088b3d9de5e07292e1606a8f8c49bc8dbc992f549541', 0, '2019-06-06 08:49:37'),
('cbc97da303b10fe1ee59f45d3f96d41a6e25e6c0963e42199d94f6dc570fda94b6968ec88d0fb6d9', '0409ef68e28daeb01e391563fb87edb31ce3576c6e00c1c02cd7ba36a4178984137092d4326ae5f1', 0, '2019-05-25 07:55:17'),
('cbeadb9302eb02d9416e4f228bd6a38c7b1c41db37069bb57594e83db96e22a31049b4e1d79fbb81', 'd6ce375d1937cbdde1e39f050fc6564c616dd2f0505d89aa7b0cba3d4af3b606c80431c43277fec5', 0, '2019-05-25 07:25:18'),
('cc02b1d538b799513b4fb9347dc46d389db04f1bff37c57b5146b48cd79ca16c6fdce26a2c2eb919', 'ffc2863e2406bbd59cb0755f70e424fdc0987b9541b097955d8cf4dd4c0d4ae721b89174fe30267c', 0, '2019-06-06 09:47:07'),
('cc7c3340b96c920dff60f722f1d6cc580ee6726b8ac93f5e29b38b3ce4d7614ff6da9e2017ec2afd', 'a29a692dfea789eeb0b617c645c32eb9375a2291d975cc6bce780e964affa0daafc42c311999d6bc', 0, '2019-06-08 07:08:42'),
('cda7ce7d09f34453fe883a8271320c232461e2fb892a63abfa0ed5aeb8b4f198b6857cf9caaa3394', '3df4e3b317484766dae60b943bc4c0a1499ee4cb5368353e6064cea0d6e511d0a32f8ca50ec589c8', 0, '2019-06-07 12:55:31'),
('cea0a4335051d64539596b194bb4a98a9118442214b69109e702c36877292842c051c5d3c890dc1b', '924e8b7f087f694c8f0f9d986e7809ec0bc8527e7e3e6bcf5244d56d93a1399a249d43ad96f5cc96', 0, '2019-06-06 09:46:41'),
('cec93228d18993006e4daeb4c83d8ebaf81f30f6963fa95146896a714cfaa6a324b24769ed3d6ce1', 'b8336aa922eb10e1797b62c7941ae05a68bf07dcbd790c09918c145fa22893b6d34a772ad684de02', 0, '2019-06-06 06:29:28'),
('cedaedc2d6e1d30269e1fd31eba08ccbc265d5eb4da91f8a0ed0c9141921cdb246d6685366065638', '77e5cdb9028fb816bbbf9e9ea60115115901b47d681debe9c3726375cc7f0010d3d0616ebdad2f10', 0, '2019-06-08 10:37:40'),
('cf4356096e9330b5ade38752f651a8b2fecd093fadabc82aa6b6da4f929d4120e5c95ed6ca1d46af', 'd496258022e1747436719a2b6c6c31aa1d90575ca96800817c8f0827a601985c5247dcc75ec645de', 0, '2019-06-08 07:40:20'),
('d03e56a29eeeede2bb9c2bc8f4292a9e7dc8dab12f54f75a9ff6fa25954024b7ccacc5e0eb8e1165', 'a3dbdef9b336d2c6690ced8c674b3540613da6931718696f80c2972a8e93dac0c547454ea7bb2fae', 0, '2019-06-06 09:46:04'),
('d0670e7dfd0c16fcb7d0c514842382f5c2f41685580f45fb5b0b831752a340b31ee921c8888ac0c4', '04ec3ae1e069f9c1d1911db8b668144b143c4e8fec44fb0b1731238798540eade16255d6ea911f7a', 0, '2019-06-06 08:27:49'),
('d193ef834e50582d20ef8486a218ca14e8855ca346f2a4074ef3fc513751e755a1d2a8af67eb3c2d', '54b228e6aeba8c1e69e113115eefa38389e0e2f8569ae70099bb09e2c81ddc53ad11faddc6b1c8ad', 0, '2019-06-07 12:56:37'),
('d1ae7b8c7de2a4a630e87f30a13edd2f36d94d6a536696224f0e6810392598ea55053d4f77061718', '42d5cf92669c66fce0004cc0479b14c1bfde1f6bf37db230df424fce70611f46740445e4446e6203', 0, '2019-06-06 08:09:12'),
('d2b387d0d0b1c976c06d0c6213b00b9a0bb3b6bf9f7af89caedc6b5c719ab6884dbbf87ffbc23a7e', 'ad0854c383972312bf2ed1c3d9a9646fce10277564bdf5ac7d2a4486ea74d57896b19b6af10f9492', 0, '2019-06-06 08:11:27'),
('d2c019bcd3ea82e0899685423625e960e1a0879ee320d58ef401f7470e1fb80679ae006aed7e45da', 'eb79b18f257148f23084302746dc46016c246bfa1080fff7fdfc5bb22f26e09c2c3d8b0cfec18a45', 0, '2019-06-06 11:40:24'),
('d32a22ab38ca09df8ffd365336a382080f322ac8faffa3c7b9182549e7f06658b88d9619cb100a1d', 'babdf0d1e921ca1e269b0175b8a6fee2e9c77f1cf57968664019f18c803e55b7021432b25e8bf0f2', 0, '2019-06-07 10:00:00'),
('d3869f14e2e5aa72cb4509b16980cafee0b760314a63548d787451f56b6ed9056772cd81a5cd76e9', '2b381dfd8a34e3d614391af8291aeb7b3d638e263cf6eef36c74f6d58ab2a46def4c6896fb42d8b5', 0, '2019-06-07 13:03:51'),
('d483200b74de05c2130b5e10b95d9200a7c98e5e52a7d5c9e0df2ee8a679e4797176035f6abcc90a', '25dfed6f34688b267242c234afda1728e13daecc4f55dfa6fe5e4e4b8fa1fba4420f3b6c8a691cc2', 0, '2019-06-08 07:38:04'),
('d4e2b0e8d07273c69e02609089ccf33cc0a75523d2660f917a565aee393d76f5fd01a4b0fece1de2', 'b7f3cee6394da8ee30d9575f5b9bcdfa8a52bdb29f81bf382c6b29e43562b9a24cb8ad0dfeed510e', 0, '2019-06-08 10:55:57'),
('d51cd638d855ea36d09c876fbdfb86963a4984e0d19d2f467509a931b0065b2708833126b4d1534e', 'dfb2270b1d89c657aea7141a98fe2c7a9711ec0b666d472ab92aabee8a32a5b7c1f92170027aac6a', 0, '2019-06-06 10:01:21'),
('d53a6fcf3d2c70836750a4ca46219fdb4acc0bb3b91b8ba3923456dcedfe631708bbf4f2542476f8', '555638fc3e7466cf483eebe03452f527fc1937060a32092e170e67a2f7879b58f79a81fb45e1d167', 0, '2019-06-07 13:06:02'),
('d55369df1621f9e896dd0b0d5590039e6ec4bd261943b4750163ecb3a22709b5a9476cf9d100d9b0', '1837df165cda9771167f491a20e363dff534ee9299b4aa6b508f4e996172d7d0bb4464d540f55aed', 0, '2019-06-08 07:10:49'),
('d563a9204714535dc4ad291091a3537edc094c468ec7f0390590245eb15db4136557239c3c8000d6', '17bb2e07435729e4f5c27d0651392c17dd3c5e0af965a418c4c06ab592749a11777990f22d9e041e', 0, '2019-06-08 10:07:13'),
('d58a0324bb29566d0bbf5b3e21013ce53f03fe3516d237a8b89c8f1f462a57d31d8d0c94084e8370', 'a24728a3ba18cf4ec93059628b109206cf4bf7eaeeb4016e0d37034af92cc78f2d97b57e482c118a', 0, '2019-05-28 08:29:33'),
('d5a3cd22985326bf439caf3c7837f06ebbca1572cf3b0a88749e6de31fe5e8364efc2ae6b2db64f0', 'e834ec091ea4153bb4a1c351053a5ea8ade77908eb28f3bb9914103ad1ffb4f7911381c64f7f7ab3', 0, '2019-06-07 10:00:53'),
('d5b54b75ec3b26003763b533eaac6d6739e2f49ad5dfdf22a145967967ac051fbf3ce93230258535', 'db63bab8723af76b28afee76dd460954288d78bb39de4d46f3d21120a825ca606f2c2530a43a1f7c', 0, '2019-06-08 10:34:48'),
('d71926f54cfaede9f944009e0523c5678fad0f29f835a3b261547db3e7dcc793aa4d98404fac0eec', '2db139d42ffc642d6d378994c1d99acb810faadef6b8070443301af45abcb9d7bf8fd53aeda43f63', 0, '2019-06-06 09:23:25'),
('d78a6826b21ac31a918ef74d7b9f45d4699d25c0cd2dae96e654760e17aac07d7e18e29e2c16f03b', 'f2e1a037bf0fdb30095cd34cc8ccce7a5be65c38b1c9afce17a426c41090b51a6ea8e26be7aed02b', 0, '2019-06-07 06:32:30'),
('d80f7ece890781d333047901372d3c28a177cb6007d6d9093ca1c4ff057c51551b78a9e9652f5599', '60c9f9cfb2f77e0c4600e9e917d5905228d252a3867bd762213494c724d336035ba0c41107a9240f', 0, '2019-06-05 11:59:42'),
('d8932b8b8022c30ba154eb110aa9066888e4748c216a415623c5b95c46ec9cc1e4238eda07a270bd', 'd3dbbc8ae153fb33352029c9155ca039c0626712ac4eca7e3d11a158183c62c8f46c38e31ae01a81', 0, '2019-06-06 08:57:43'),
('d8db0458991ba07d4b7601ffd3dfa1df97da6c51a6c967aaa8af2c00e3034e18e85d8b8d30ed9bea', '6f05345f61b00348b1d8fd7f7ff3dcacbdd9fef3ace328397a58cbce4ff1d81e86ed681773b0986f', 0, '2019-06-06 08:30:26'),
('d98dcd43e8233f7b5584ee8fde4bd0779bdc74ecf9e37f34549f8080f2fe61751352cd9645dc413a', 'e91d045bda07aaa7a29cc512219a19771ba5ce5ccb8ff31aa98da20eda070e2c47939cbc9098b07c', 0, '2019-06-06 08:52:16'),
('dadd238a47897b1faabf8d044a7ef1b5e3d74f7dd3bbc57acb51ac2cce736a568e9206f9a961d277', '52438bcd0cca982ca18aafa676854cb2125b08258b9bbb75bc89badf891b6a37f33b4c3d5154a67b', 0, '2019-06-04 09:33:58'),
('db0e652fbb513ef5436e99ee5d049bc71dc86584dc5e7fca91f3c0b21f045260170f8b656d3f4de6', 'cab6f2ded718123b5f93875baade0a5817a34e6254b68d6b86460ca62af6738081933172125e58e7', 0, '2019-06-08 09:57:34'),
('db546d3aafbadb5d81f5d926db9ed1da0f31f9bfb179167d5528f10333cd957e52ebf1a171a9a5aa', '3a97e1a25912d7320d438c811254081fdcd78a7712b02c05c5868244e84ecadf78cfbc4eb6574966', 0, '2019-06-07 06:54:15'),
('dba843807c5ed4bcf646972d58c7f63444f0340b95a9ad7833e36214497375f2e0bd90e795eb06c6', '1d4668eed29ff37233d303fb9391ced6062f8dc94554f4f9d0ffa2fe4b80f51a0880a51a7d03e3ae', 0, '2019-06-06 10:39:39'),
('dbdb770cad716a2e9ee53e58399f256285efa955f5efe6745b599b99a64980964b6ac1fd6bb6d3f0', 'd6e3fb851cd1d0ccdd4cd90d01910ca552304f435918e733b9f64556604362fa8768ae7484eba3c7', 0, '2019-06-06 11:25:40'),
('dc37dd1b76b7cb9e8fb5d2ac1f9d3ea66a99c6e260f8d7dbde6f9ec9dbc93c3fd26f42a2687d2aa1', 'df6caae2542ae32cd310c03e8197b6a8183c5fc4e6adcafb1efb9e16ca52bb82d9a8ef868defd976', 0, '2019-06-06 13:31:52'),
('dc4a0a1c4da5973f974c69bf99b451cc7c977726dee0fa825a68b11016280cefc9653d2052860bc6', '90d7c65c42c1c063dbf08ab9bf788db79afeacae886c8be1faa11d866948d85695d18177ec034394', 0, '2019-06-06 09:10:22'),
('dcabca0bfaaff97bd5211f244faf27a296a9bebe8a52f99ce5a536686bddfef36710a3c0632baf88', '05873e6c447e38f75d9bf109e98e789904f886c7e01bbb15ac8d81433f0e57a78a044358b285af6e', 0, '2019-06-06 10:39:55'),
('dcfd89a19754e0c9deb606ca14e51f96ef343f30b643da5dfff22c77276523a226a14957dd5efe06', '302618c98f848353a3fb478c956e2dc4ea20263cd17135b0fa884401f6a4d5a0b31c62a75ca883b2', 0, '2019-06-05 10:20:16'),
('dd08d52d5e4a71a05ce1f319c76d4c2fde57f06a637f09acb07a3d2496dd897443780b786021a7a7', '5467eea06435a46ca4ad9f7e7aa23ef4b473457e1cd0da148e058cab3e026935ae56dd10b880cf56', 0, '2019-06-06 10:00:51'),
('de4f071a10d9ced095c8c658a1ad68f6bd530d12be42a59e718e0ca8593630840e48db1c4fe2576b', 'b6618dd3b2f6d9d24cc651f7c44dc6377d84edb99722c1a95379b15498b489c1aa4865b412c2425a', 0, '2019-06-07 10:52:57'),
('de6daaf482f496a767ff2469fab472a84c7ab85fc850921678fd856147f53f8c634594224cbda69e', 'ce7409a56b38de3117aff0757349035de210bb8e6789a138fd330285e5e4bb0a29675879496ed4ac', 0, '2019-06-06 05:31:51'),
('de9332051df7ca9a50294eb01b2f7eed0936fa8308556a510f712df4d77e1da139ecb0f8609616d7', '27ccffc1cfe98780421a709ff2d3f40283822f0478585ba2dcacb6c2190b8cf2f4d02fab3a2c534e', 0, '2019-05-25 08:48:20'),
('df81a584186745290e97f26a548e5ca108c137b2da995e23e4c19f3368d3d6ed111d7bddef7ed064', '467427865004666e9e71fb1a745b33f985d62bccde2cf3d8ae7f13a903c7d7977f6c0c6d773c8100', 0, '2019-06-06 09:47:39'),
('dfce4d3ab8d4203590634c664d6b057dc7a3610be9cb89d8a5672dff29cd78334c5d976bf9040cc5', '60a8d1b2357a3b700581f590f8bc6eb4c8b7f53ebbe69ee60e7c31962f2629243d2bf964b4774056', 0, '2019-06-08 11:30:43'),
('e0984f91119e0bd42ad4114510985fb30ab9a01e10ec8f5fc6576aef1509d6118cb6cb9af0e88ba0', 'f936d7ead02a3fcbb0bb1af895bc6c3582acd3c7b860711726c2bbf202d3243b3637c105395ad9de', 0, '2019-06-04 07:26:15'),
('e0e56226bdba39f449dc1c5ed8cc0227bd028bb711349a32d3dfadd0962727c59adb13dbf7a3406a', '213c2951b233d4aa67d243e9a9f0cf4031dcafd8d6abb03cc418f462987f0894fff598914d2bfab7', 0, '2019-05-25 11:41:22'),
('e0ec5b27aca369df203c910bf5eeff701fc0d8f0d0de4725a1a83cfeb6f40b38cf6f7e82560e3726', '9bd62440ac82c43f086c10168ee2bb446777733df732cddb11ec4ef4a163137f5564ad60569e4220', 0, '2019-05-25 08:25:37'),
('e13650c449f19cdc33566de4e6a4b31b71b89277f7ec5f3674b2852d96ee79219527b5d3ca26d551', '615c2cb2c9d9ef0a56324828a64fed7a80758508e141ea1a37aad1defc8635be757d22efbb7bfad4', 0, '2019-06-04 07:22:59'),
('e150b85d0e0030638c808fbf68dde5559fe7a7b7bdb0f7fca371859df0d3fe064db2d14eb73a16fb', 'c913f18c5187c908435878a82ebbb9b58f05c3d591188ae5cd2acdc6f5af4c252f3737cda859ea9c', 0, '2019-06-07 06:54:16'),
('e231c00a089bdd13ea6ebb7e814f5393e044074d7310c9583ac3cfe20f796a4e2529dcd4555e4db5', 'b83c3aefe49d2f0da3c9b3040360639bdc9613a1a60bd35ab1707c0d55304ab3dfc1dcc1a247655c', 0, '2019-05-25 06:51:06'),
('e2ceb7f9e6cbf34d075b1f8f2c4935f90dc0a4b6494a76d2559717fd5e0840489bc70f5968477ff6', '117ceb61ea0be8640756a73096f934f05268f3eb79e52e762579736921858e29e401ac694bbc90d1', 0, '2019-06-07 10:01:43'),
('e2e11e0036e344441b96a554d56d06842a4679b717afd9d2e439ce28417c0c411c1faa0715d62be2', '9666f4513bfdffa193ee57f3a61142f5846f45934bf97aef3bc61ae13a51beb6dc4bafe71e225b23', 0, '2019-06-07 10:40:00'),
('e36d31a39d8a5c427db527cc8745c873c6817e0c8c959d0ebf9208188614dc0cff76cea5b338a2a9', 'b32ebda6710f0e9cdf8735846883166b220293ed2c9b4f20d5098cab2f00fb919619cbc231063827', 0, '2019-06-05 10:12:40'),
('e47f70c1fb5f2d45c6179596237eb1cc8e7ba15e45f821236e58b102f561f4b3350029633728279a', '28a6d764ae662a90955b45665920cfaee46d9b2f13fabbf40ae7b966ec26ba7bb2ef1a221565392a', 0, '2019-06-06 11:57:24'),
('e4d31d4b02bde0cfff14e424f49ee204807e8040aa29921308dede919bc892417f81c1b2994f86d1', '2a48123f20040fade1086f81a98fc4fcb9493f09aa9125578c38af84dccf16185c98f3e643bd9394', 0, '2019-06-07 06:54:32'),
('e4d83d5ab4c27df3557a1581ef7e234613d96436009e071250bac5713888489299d9ce0596f11462', 'ec0c6a7b360f6b7c2711c02128500a2c7bab3df8b31d4d163b683d6812d342f4e4ad47d153d51e2e', 0, '2019-05-28 05:49:02'),
('e4e56356e3fa3ad3bd46849b93e0c832c947efb87ccbbf77a2d1ebb881e7d172d6e278d6a790b756', 'e6056819664336f3171e9f902489c564ffb7798104de78a174ac4d55cf732b0bc3368f145aba4cad', 0, '2019-06-06 07:29:40'),
('e506b3fea5fecef694b3de1ea4b15a5f9cd1ecc97209bc845911388c90dcb80c5fb0e20042516bd3', '5a138daa8bc8f1cc4cdda453610aa0618e7dc11ec55d98fc60a95c4c4d4e55596940e092a005015f', 0, '2019-06-06 08:20:31'),
('e53487612a34cfa3e76d1690b347617c558bc8094c8009082dc099ceb2fda6a66e6f4f04ab587fc0', '2298862115332936e1e2d32e558d03c29fc5e1e5e0249bd112cb4de87558c3021358fdcb06e1ef34', 0, '2019-06-06 10:47:27'),
('e68acbf0c14ef87ea6f03164290b81b1c4138b63c4125ada2ebc94a5114823c3ffe1a3276ba43976', '309da037113e784ffc38fdfaf3d099fbf5cf1c9c588fa436d883359da739c227271ce4ac5a918eb8', 0, '2019-06-06 05:43:03'),
('e6d5c627e65bcc3505a95ebaa200c491764816d4162aec0c6cd0d7fcc41569fc18431ac014beaaa1', '9d50cba52ddc78934a7503af316a24bc51f581611152e83a17d30724ea6c07c28359486d62bed795', 0, '2019-06-06 11:05:38'),
('e6fe73d05e76cd07fc0dd1b88975feedeaf6a52686efc06e51eb1fbd1c94c90003afd06ba1ec99fb', '6487ff4f9961786ceaf946d60043960a3164a5b76a2a0108e94b7d7bcfa52b7ebd15852d819311f1', 0, '2019-06-08 07:11:35'),
('e70d33b659e6a0bf0407663003258ee4170dd8f1c0a456109755cd8d9e95fb7d8b49ac68ccca1ef2', 'b3202c95ef15ef5fcfcf40c3e5e3a53a6d2e4897c175d763695c84113154603d839bdd67c0a2d305', 0, '2019-06-06 10:12:47'),
('e73ff0f6f80a9130581bd18d57acac9dd40fbda8adafc20439f1f37d5e23cc8ad7867599d1aad6e1', '5099568fdb14aaaa238dcc80bffbd9c75de3a47c806457b7f9cf7fd156cc3e9503a326cfb2345fef', 0, '2019-06-06 09:26:09'),
('e7f5d94ff1fafd3928c53e1eb2b1342fb72b2b2468504e4912e6baa0af349aba985f96b3f4aae15d', 'af7563d3f928792e2f58fe208bd304cf921ce7b9ae58cffee59eb1a5f792b8610aa8d1f854dbd123', 0, '2019-06-06 11:40:29'),
('e7fca2771c541c9ca77045b5fb15a5dc7f7f156693d27617715dd1868b9fbc8ed19f708539ffe788', '10cd02c4ccb0b9781b0f5d08d971cab8825c41dfa6dec6efb31b2409a66a6971e393da5ca852cdf2', 0, '2019-06-07 06:21:32'),
('e81f5d699eb725a21c0ae00f59be039ee258352b13c2bb7f347737a63233a41bc3783405eef304fe', '54a0f3068533553952597330a81696bc10501b83228c2874d4d730708a9c45d5a132ba2c0f010fa5', 0, '2019-06-08 09:11:40'),
('e973540936a2c4c831cf7bdc29e88653c249f56975311676e951bc3a0207f3ee7f163976cb4e8abe', '1b8a150f570833924644c07a7eded19fdfed65ba89363c7eb5af4a4dfa3d45d4058aa1c5d7c00470', 0, '2019-06-07 10:04:56'),
('e9801a69b5691ea99e1249b32e524577488e4892d23aa68a2763e228df0da69dff341c97fab66843', 'f55caa8dafece6d07beb60f33a0a8231ccc73ad8f60cd63f005571292bee8ef7dcfecbc1ee4feb9c', 0, '2019-06-08 07:10:57'),
('ea5a0aa2c0f2253a0b025b85dc9c57f2a5a608c9302bab7ed3d9488fcd704b6c6fedcb8a397be79a', '201d6934a5cf2f4b49efec2815a926e3330b10abd55f99c02e7064ae648638bf22723de2fc76d484', 0, '2019-06-08 09:54:19'),
('ea5db1dd55a44e8f6a070fc7098fb0753b23ee9e615f9483882dd87380ce06612af0a88aee81d02a', 'c93e38f290e23643a1755c38a7f679fc1f7d3a8c809ace1ead2080c716c20fc4bc41dd38b04b083b', 0, '2019-06-07 06:21:40'),
('eb4c7edd8076cc76e1145d9c09eca9b4e89c6783f890f6a63a5eacf9f0577a74f77c4e39f243561d', '44f790513c8e1631f4093069df9a4529a6bcb0994aec17cc7c3a51c0d318e9190a455a6c95c1b6e4', 0, '2019-06-08 09:49:42'),
('eb860982dc15e5ab9b330043f59ca7c28031ebfb722cd2ff35023b38044307544b7019bd497e6516', 'b7dc0a086d25543cd49fbf5a6e54339344565b91d1db8eaa09c5fb724339f0945330e710e6c2cfc6', 0, '2019-06-07 06:35:07'),
('ebab0ce42e70cf2f6b02be8d6f830543cfb967804c24c7468ffe3dccb9ab597924d93cdc1e4f47a9', 'e4064b6594d40ea4c6218af5c9cf29f1650ee9a76e8dffd5f7678f41fdc239e50d5f94411fdb0ed9', 0, '2019-06-08 09:48:59'),
('ec2797b423e2fe8801de4b8e328f666119a97b48cbb591dd13812b0cf6e89fca21e50bad45ad7a56', '435c8294eaf0d08ebbc53a6f595c6dcfc9beda8885d1a7c30558425fc30d3b2bc6446346bc0b4998', 0, '2019-06-07 06:53:06'),
('ec80415a747da221cf16c590c94438546b6b2715ba7a3545d866f151f64ae26e42a24bbf73d8f9dc', 'b80da2449ca818df3a76131f9142b89ac4cc0583bcff7b3b4bd8587793a66d8268434b6eeab0c9c6', 0, '2019-06-06 10:22:52'),
('ecce1ef68d7df6e0e71a6bc779dcc1dc4b9230acee681cd713492c893b0c81141296c72d072b6b14', 'de762755ccc8bd5f6f260696d93555f89f2d775e08b556de7435e60df41873eb660b3dd2457a7dc9', 0, '2019-06-06 11:56:37'),
('ecdd12aa2ac709796383e0f4b74f611768daf1bc072e9f0a7e2fdc594df27dcd6fb1981a56bee57b', 'bd7440bf440fcbd13fe13c6b7526ec83855be15fc41c948a373def07da2a9c58d334f17ea1a78e1e', 0, '2019-06-06 08:57:33'),
('ed2d28d5c45ac09899c3c480e784d40e10cac6f6b4e61f9904d7cf6774a4d999401f8f0a08926e03', 'df315debe4b536714c35219769970c1d4df6f9bb703a12bb0284a3d384fadc6e0ccc805fe57c9742', 0, '2019-06-08 10:34:33'),
('ed73e8808cc29ebda1aed76a4abbba38d30ee6bd7a53f19a65a732ab032d627cd30a608985d6dd1e', '6a473085092275dcfd490e874a40d915f242236a987e6da774e3f9f2fb5f701bef6b31e688f68d5c', 0, '2019-06-06 11:25:39'),
('edb783cd8b4ccd693ad8e58880d9616963c8f1278da6af26ebeb506f9015bdcc52c5a044cbb321b2', '99ef2d4dd35be56ff56c3c3a041eff40bcf92624003765795a4822f17a06a59b09ca3d9a70080e07', 0, '2019-06-07 06:53:53'),
('ee080ddfa9edbea9892d0db16892400caf82cc3a415ae196dd806d787389078ff7d0c73f2cb518e0', 'a82641bd8de5f37ebcfb9ab55d0f596e03f37e04c82f1ede8ab73b7b4db3f02005b071fb4c21f432', 0, '2019-06-06 08:57:54'),
('ee61d217e04a0c0243b13b8a8e6f9bacf3ffcb3ca5453d35826962926c32604195b7d405af4e82fe', '73e9c4e3e8870aeb4ad6e2f2ccd01a21c601cac373dd0c234e86a3ccd696d307d8d280410763024b', 0, '2019-06-07 13:01:59'),
('eebc9820b2f6cd612302a554e69775d8392102c4655ed797efff4cf662a53ab7294fb489516e9863', 'd1fdda80fd9c79148b57c6eac6f4e12bd5a2df427ab1dd7d462bd339388cd46ff69e226314d03c7e', 0, '2019-06-08 11:34:46'),
('eef3c5e75ac622cb7d502e537a038ff4f1673783a23e62733d101a895b2d86bf11f4a5c22fc2bca4', '546d84474f0260180cabc27ecaa8511f5b8f3182a96ecf3a9f1f07e699be0d166adbe43975405d0c', 0, '2019-06-06 05:24:10'),
('ef5e49b05a1403d96e2859abaad615568d73414fe3edf9bf794a4db675035e73c26f24c5a3dd128e', 'f4cb3e79c5670b388c4778ca3ac4426c7a53b367212d5706d33e2997b8c57667937ae00a37b353ba', 0, '2019-06-06 11:57:07'),
('effbb4513b2472be00d691c1566283c465d9a178a59c03a9d3f668c0211ca8ccf313498e0333a126', 'c17ff1daf609502927d2dd5963ed85a644386056624a84bea1519b4c6c1ad2a2458e2bb2c3e65a0f', 0, '2019-06-06 11:57:56'),
('f0a123eac787905c600607f95310f0971cd4ce8e209e09dc8691ac713f1590649688aace51d52a75', '22e68714d4487e9e7f2a2adfcf969c2dd6af6d5254cf6a04995d045b3a101c1ce17c2b8c060cbac2', 0, '2019-06-04 05:27:02'),
('f0b6b28f8582700c3b3eb0d1239be2b3dcecde1c6da920ac2d6abdec038e82a45e80316fea1408f4', 'f7250655ddeb9df82faf1b013d75a4076f7129b2912d92723217108067fd37ba279c47ba617eef31', 0, '2019-06-07 06:54:33'),
('f1aba5f55626ec91f282f163fd9b3813edc9d188498fbcfa15c64d15beb1ae46851a8d5e2e786996', '664acf76841f06812b27a9ba25c34fbb533f8c5f1e002e961621379be66ea3fa7868c7853191e22c', 0, '2019-06-07 05:30:50'),
('f207bee606adc7a7d4c1a495673918322d4b0b0f3db1a91c89b2f1de28275c2520e43d95b11ac739', '24530a02c80661f070c80d3aa32db0018efd98fc954ed50e77195c97013b18b56b92b0087ef874d4', 0, '2019-06-06 13:00:20'),
('f2ae87df3b874e26db0734a8cc67b2905e0fa6debef06e058430a9df9205ae43c5e4606e0d0d0a6c', 'd397ac43155631e96baed6ecdbe6df55011e243eb5c2930cb3a16dd447f8185038b7fbefc0f92c2f', 0, '2019-06-06 11:56:44'),
('f2ee50a7475a9528a55dc15e2c183f8020710030320ce11d9a400741d20754179b62165da7854700', 'fccef08d752b4f1cda67771ff27f5f8d6121cbe67c05b42a442ac8b9c1aebb03915910fea0701ff9', 0, '2019-06-07 07:07:30'),
('f37608d127fc7371e0c4d04ae5106de2787cdbf28fa751626f8395ecffb4d12094bc860be649d38a', '90e51087e9142ef99dc0ed724aea7bf065d369c9324a7599d27c4c6c76e417849fca873edbe0c927', 0, '2019-06-07 13:03:44'),
('f38f1d15b4c21f0d2e919cc16cfa4e0401a9229aeb4f3fdf6f511b5fab2d86bf572f9e5ac5d3af35', '74c89642bbdfb65c0aa039c50a7c0748f7e5e9da4fe8f463f081dd9d02f08b207d9c3f72812b7350', 0, '2019-05-25 07:57:03'),
('f3a24fe3c06eec45bbe1b1dcf99adb7fdb944ab2a86c954fb371e084ffd2e1ed1632949a44cde6ab', '7c3aa3ac8f6edaa3e2e5ff7a96e7e478232b5dd591fcaa59262b4abd1ef343aae7f2348e9e025c6b', 0, '2019-06-08 07:34:00'),
('f3e204a98994ea59744c1db3ac1a1c82a1b58ebfb1e015b5c92b5561ea83a1f510406e62d5d688d0', 'fb8f0e05437211712f6a874ca51dc1bf5c1acfab305ebd6042f2f380517dd71330320a13e5ffb723', 0, '2019-06-07 06:22:24'),
('f42ebc919afd422bf75258b6c738b7f53cba7c123dc6ca95eae6de9ce7f10ececbaebc6d7c2db92f', 'b88276d00a72620e0171ebc4cde2c3857fe8fbcaca3ffff00047a12e5ac228459d8b47a1cdf5a0de', 0, '2019-06-06 11:40:38'),
('f45c7551b54bdd64171a6739dca91afa7d64b21b0c267ee99ada52b92d1808da807fbbd4d1f64d98', 'eab6c721188180fbed67a770716c3675cfc90334a5293686aacef4ec64965bcb863c151e78a27724', 0, '2019-06-06 10:44:10'),
('f49dfbd8321d186aa6b6aaa29b31aa79b8d7060f5982d6fd01f6300441b9bd57346741ff49e9ca6e', '21a9609085229989c8e3b74b13695ce00c0ca0f939f529069b51b4f32b1bd2531ce8d56f4b3795c5', 0, '2019-06-08 05:36:33'),
('f4bf15a2e283e1b0941a2389d599da4b9d16732a3b5188682604e308b0c71ed68d45090c2cd5ebb0', '72d6e610c5736f61d9e06295477b63b669e5d9c289092f42d4087496f2ae2083a69c62520f58ac1e', 0, '2019-06-08 09:49:54'),
('f4f822af98a0017c68253710ce0b9f6f0270b30ebd2ee99fd6f6f52464544dbbea9adc8365e8df1e', '40d6f1e6bb16ab4f71435fc864a64bb0f8fe06ae616156c674ed7c0ce70aa3a112b079ad5568d9a8', 0, '2019-06-08 07:39:10'),
('f51c2342dae550c3eb1c7033e906898bba18f863fce04b63b5c563a4098a8e21f0a7329b8ca52426', 'e2922807292552c1b8ecb88af1f982428fd4ae4c2b2de18b207e1584b058322c31b778fbd68ce0e3', 0, '2019-06-06 07:33:43'),
('f54e9e4dcffce93ffd3abcf184aa0774bcc243c7480f9815c502d78bed44b199ab8368244ca5817c', '3d05eae3b62cc53e61280f0363cd4c118c82980e9c354b15cc3d7d5d3873056484851dd0f12d7dbc', 0, '2019-06-05 11:09:53'),
('f6342f84243faa0b9b50dc508d3ae64af9e8b4a6b41cb2d0055a6d21ab227aea3f1f60549493eda5', '36a091ab3eef546fed133816c323a942c4f5c40aeff2d26e40deeb98f1045ced53dc19334df7d7d8', 0, '2019-06-08 10:12:08'),
('f684f774c5c551f90334c77b9ca36f7dcbdcfb98d41997fd555fec523f41a7e90b39725cbfbff85d', '9760ce1f5d1d3779a660e7e492b790cec7ac32e55bd799184c5f71aba6b56a01983d1d76e1388b21', 0, '2019-06-07 07:02:11'),
('f6ce12ee6d9192ab04adf6f18ccc17846d09efd27ca3bfe8a4d699b03a1f8a23375c3c63da1535bd', '50dd805454e67e50927d702ec7b3cb8b69d8083766b82aa5f4b15bfe9ac7a345221de75864c62e84', 0, '2019-06-08 09:59:55'),
('f7250cae63febdfc825675c5d8746e0d32ba0920feb740193be5f81bcdcf313724478ff2a9e36e07', '46faf4705373798287b644002d099dc7538a1eac59dfc325eacd703859720141a475485be18c422a', 0, '2019-06-08 07:05:27'),
('f7ce41e473aec2355a9c92039aecdd8e4dc76e8ec0d7c2e90ab2b693b080915d9dd682678a70b55c', '609aa519f0cf3e17c3b472103c2cc35f38022eda66ec97ccb266228ae43ea8a43d4646390dc70de4', 0, '2019-06-06 10:22:47'),
('f878674d1daef451b4bc926b22d869ab11faa6efdbe819899b1f8ed612046ae0abd35976e1c3df72', '57901464e32dc184fdcd978846688d5cac2e190cf8ab49edf136b60c576823f21fbc91e868cc72c4', 0, '2019-06-06 05:24:20'),
('fa1eca1c9e8540565f37d0d702154491b6e17b9b3cc7285d7608562595cb1bfba8d1debe327f07f5', '3e950ee76a0b09afa6def81901e5763b1176896e4ea1e78df13387701eda66bb958e4dfe4c52400a', 0, '2019-06-07 13:01:05'),
('fa4fae8a033f6b525aad5ed2dea5bcbcd972038d7fef4d93abcd0d0e127781e71e96c128ff865d6e', '43882dc7eae346243a420c2523c6ae2ef18e12d7fe7bd2215a26abb95f1fc7604dbb8a168b00c843', 0, '2019-06-04 07:27:45'),
('fbfa58be17eaa1faca93b1e1403f254c5a050647e4fa9dce76c599db167d94b7676fe7a0dbb32957', '7f39327b9dbd323e61c3533aa5bb5fa2c0360af36f0664a05cafba580a66465360c8b452005660ec', 0, '2019-06-07 13:03:43'),
('fbff5b523bf0cbc5ae6c35287a3126c8b064a48a1791627a0c115f1ecf41088f9b607994dd028930', 'ea09bc15d64fdefcc285144b1e3e05b543cc9960b99e903df3ddb254a0aa0ae8c9e51d4fe8fe0626', 0, '2019-06-06 05:24:35'),
('fc2fba6f597b5b23a4960021e7dd9469ed1804cc177bc9e5715492b64f0721de59538ddf9e80755a', '782f50008803e62448799d8396a64980ac0b5ea6b51fc77bd15de01c835402c7203a844e432388eb', 0, '2019-06-06 09:26:08'),
('fc6c729e95cf081987ecd397b00d3af56a8e8e08afd7011ecbe324d2452f78274d9957b76f18fd55', '59b81e7c4b756ee4905da0b2bfc8546558f8033f4369486a2be56af86b8c6e8ba866978b191e2fe5', 0, '2019-06-06 08:24:25'),
('fcc0415f86da71cd8ce566bf8e69fb995d94a2222575b37fcadaa4b6aac5066702f1e69b3b733300', '19de8c34d3790885528490d62a13d31dbbf9b67010db87919f448cdc5b072ec68747bfc62c330f1e', 0, '2019-06-08 09:58:11'),
('fcf808bbd12d5a9ea11e2f9a848ebba7e288cb6e124f3759db812faa276952c9cc369b1488d7a291', '733f0c4d82633fc0365a72238a9496d112ee4375d0f01010562f7613591f40e53f19a083e59d9563', 0, '2019-06-08 07:35:38'),
('fd776f5434c744ec4fce246dee0f0b723aa96ded4572fa26f814571bcefcf5453c657c69f07e19c6', '102d8ae816a6dc9cb3e24d64442a357e2b4edf1edd7b035a5594446efc778066c2aa857bbe198f20', 0, '2019-06-06 07:38:24'),
('fee81c2755cbfdc97e258a4321dff2627b44bbc3d642e65a7166849cb111032cf121a443ed8df5d2', 'b5a0e85ab66dcd57d7b8cd9c6c282174cdec14a27f1dfb8080e012216df6533dccc23bbd298490dd', 0, '2019-05-25 06:58:33'),
('ff3222cb943604e72e37dce4fa29a8dddcb4e3fdc839b39ddff49c39761a494bdbd40fd9da356b17', '0406a486b51ea78a9953abfa3dd22070a5a04b0a5afa0bc25b7ffb3e5e9377ecf3eb5c6bfc9b6437', 0, '2019-05-25 11:58:30'),
('ff375a72fada077d60197508118273eb39d26445652e3822901f6c457519ca91b6a7d2b409badd76', '1206906a130e39986180ad45a44f7adc512ca5263ff198129930612a2c132561009c66c7a2cd5354', 0, '2019-05-25 06:38:29'),
('ff47594e79bc5e564d32b2e73b3daa80444a5e8e88100c4569561b5df98e773b6c654030ea3471cf', '125bf4f4b8382c8eb42bd60024afaa61160da8af577ffa2f9bf4cbcbb1c06a970992a42f0a02b53d', 0, '2019-06-04 07:30:18'),
('ffc2ccec392c24e8b2b90a24396586dcdbe9445795610fb40c05cca0d3d13e7f3e05665eacee5b89', 'babc6f8761f1a1eaa7f613fe2c14b947a36eba0eb9997f629fb01c4a2a1a672eb1315e1b5b116aaa', 0, '2019-06-08 10:08:11');

-- --------------------------------------------------------

--
-- Table structure for table `password_resets`
--

CREATE TABLE `password_resets` (
  `email` varchar(191) COLLATE utf8mb4_unicode_ci NOT NULL,
  `token` varchar(191) COLLATE utf8mb4_unicode_ci NOT NULL,
  `created_at` timestamp NULL DEFAULT NULL
) ENGINE=InnoDB DEFAULT CHARSET=utf8mb4 COLLATE=utf8mb4_unicode_ci;

-- --------------------------------------------------------

--
-- Table structure for table `todos`
--

CREATE TABLE `todos` (
  `id` int(10) UNSIGNED NOT NULL,
  `item` varchar(191) COLLATE utf8mb4_unicode_ci NOT NULL,
  `user_id` int(10) UNSIGNED NOT NULL,
  `done` tinyint(1) NOT NULL DEFAULT '0',
  `completed_on` timestamp NULL DEFAULT NULL,
  `created_at` timestamp NULL DEFAULT NULL,
  `updated_at` timestamp NULL DEFAULT NULL
) ENGINE=InnoDB DEFAULT CHARSET=utf8mb4 COLLATE=utf8mb4_unicode_ci;

--
-- Dumping data for table `todos`
--

INSERT INTO `todos` (`id`, `item`, `user_id`, `done`, `completed_on`, `created_at`, `updated_at`) VALUES
(1, 'Final2223444', 1, 0, NULL, '2018-05-24 07:53:40', '2018-06-06 07:30:34'),
(2, 'Create Documentation', 1, 0, NULL, '2018-05-24 07:53:56', '2018-05-24 07:53:56'),
(4, 'Create Presentation', 1, 1, '2018-05-24 07:54:34', '2018-05-24 07:54:29', '2018-05-24 07:54:34'),
(5, 'My First todo', 2, 0, NULL, '2018-05-28 00:16:27', '2018-05-28 00:16:27'),
(32, 'Final2223444', 1, 0, NULL, '2018-06-06 07:31:07', '2018-06-06 07:31:07'),
(33, 'Final', 1, 0, NULL, '2018-06-07 00:00:20', '2018-06-07 00:00:20'),
(34, 'Final', 1, 0, NULL, '2018-06-07 00:51:08', '2018-06-07 00:51:08'),
(40, 'Final12f', 1, 0, NULL, '2018-06-07 05:22:58', '2018-06-07 05:22:58'),
(41, 'Final12f', 1, 0, NULL, '2018-06-07 06:03:47', '2018-06-07 06:03:47'),
(42, 'Anupam1', 1, 0, NULL, '2018-06-07 06:04:40', '2018-06-08 04:54:40'),
(45, 'FAnu', 1, 0, NULL, '2018-06-07 08:20:00', '2018-06-07 08:20:00'),
(46, 'FAnu', 1, 0, NULL, '2018-06-07 08:21:11', '2018-06-07 08:21:11'),
(47, 'FAnu', 1, 0, NULL, '2018-06-07 08:21:44', '2018-06-07 08:21:44'),
(48, 'Anupam', 1, 0, NULL, '2018-06-08 03:49:03', '2018-06-08 03:49:03'),
(49, 'Anupam123', 1, 0, NULL, '2018-06-08 05:57:27', '2018-06-08 06:00:44'),
(50, 'Anupam123', 1, 0, NULL, '2018-06-08 06:04:46', '2018-06-08 06:04:46'),
(51, 'Anupam123', 1, 0, NULL, '2018-06-08 06:05:15', '2018-06-08 06:05:15');

-- --------------------------------------------------------

--
-- Table structure for table `users`
--

CREATE TABLE `users` (
  `id` int(10) UNSIGNED NOT NULL,
  `name` varchar(191) COLLATE utf8mb4_unicode_ci NOT NULL,
  `email` varchar(191) COLLATE utf8mb4_unicode_ci NOT NULL,
  `password` varchar(191) COLLATE utf8mb4_unicode_ci NOT NULL,
  `remember_token` varchar(100) COLLATE utf8mb4_unicode_ci DEFAULT NULL,
  `created_at` timestamp NULL DEFAULT NULL,
  `updated_at` timestamp NULL DEFAULT NULL
) ENGINE=InnoDB DEFAULT CHARSET=utf8mb4 COLLATE=utf8mb4_unicode_ci;

--
-- Dumping data for table `users`
--

INSERT INTO `users` (`id`, `name`, `email`, `password`, `remember_token`, `created_at`, `updated_at`) VALUES
(1, 'Anupam Oza', 'anupam.oza@sts.in', '$2y$10$TY51ditd6T2jftral53nDuO0Ay5rVdno6TdqQKCbk16By9u0crWpO', 'krsAlFYzIrWqfGvEtsJ4DpmmvaTO4vUwZNiBmkkJUYJPZHqsTFupwECXIN2h', '2018-05-24 07:53:05', '2018-06-07 03:12:08'),
(2, 'Sonali', 'sonali@sts.in', '$2y$10$VfGzcsLuUER3mR3ztYlVGuXE25WnWaWF.a8mryIETfzqINXTcQvC6', 'hknpP2SIEafGk3JopeVo0JRXmROet8utELaGCJRMycBq2wJCPpyDF51U9R65', '2018-05-28 00:16:18', '2018-05-28 00:16:18'),
(3, 'mahesh', 'mahesh.suthar@sts.in', '$2y$10$Zn.xHJLdqNaF8oDCcSWn2.ZzkIzLEqaA6hGZhlTxxmD2o9slujRy.', 'DILYM8NyMvKD2G1Vmlp3wroyhRrXJczbTsDKJIwC7iCyesCszavUGZr9OqsI', '2018-05-28 04:50:13', '2018-05-28 04:50:13');

--
-- Indexes for dumped tables
--

--
-- Indexes for table `migrations`
--
ALTER TABLE `migrations`
  ADD PRIMARY KEY (`id`);

--
-- Indexes for table `oauth_access_tokens`
--
ALTER TABLE `oauth_access_tokens`
  ADD PRIMARY KEY (`id`),
  ADD KEY `oauth_access_tokens_user_id_index` (`user_id`);

--
-- Indexes for table `oauth_auth_codes`
--
ALTER TABLE `oauth_auth_codes`
  ADD PRIMARY KEY (`id`);

--
-- Indexes for table `oauth_clients`
--
ALTER TABLE `oauth_clients`
  ADD PRIMARY KEY (`id`),
  ADD KEY `oauth_clients_user_id_index` (`user_id`);

--
-- Indexes for table `oauth_personal_access_clients`
--
ALTER TABLE `oauth_personal_access_clients`
  ADD PRIMARY KEY (`id`),
  ADD KEY `oauth_personal_access_clients_client_id_index` (`client_id`);

--
-- Indexes for table `oauth_refresh_tokens`
--
ALTER TABLE `oauth_refresh_tokens`
  ADD PRIMARY KEY (`id`),
  ADD KEY `oauth_refresh_tokens_access_token_id_index` (`access_token_id`);

--
-- Indexes for table `password_resets`
--
ALTER TABLE `password_resets`
  ADD KEY `password_resets_email_index` (`email`);

--
-- Indexes for table `todos`
--
ALTER TABLE `todos`
  ADD PRIMARY KEY (`id`),
  ADD KEY `todos_user_id_foreign` (`user_id`);

--
-- Indexes for table `users`
--
ALTER TABLE `users`
  ADD PRIMARY KEY (`id`),
  ADD UNIQUE KEY `users_email_unique` (`email`);

--
-- AUTO_INCREMENT for dumped tables
--

--
-- AUTO_INCREMENT for table `migrations`
--
ALTER TABLE `migrations`
  MODIFY `id` int(10) UNSIGNED NOT NULL AUTO_INCREMENT, AUTO_INCREMENT=9;

--
-- AUTO_INCREMENT for table `oauth_clients`
--
ALTER TABLE `oauth_clients`
  MODIFY `id` int(10) UNSIGNED NOT NULL AUTO_INCREMENT, AUTO_INCREMENT=8;

--
-- AUTO_INCREMENT for table `oauth_personal_access_clients`
--
ALTER TABLE `oauth_personal_access_clients`
  MODIFY `id` int(10) UNSIGNED NOT NULL AUTO_INCREMENT, AUTO_INCREMENT=2;

--
-- AUTO_INCREMENT for table `todos`
--
ALTER TABLE `todos`
  MODIFY `id` int(10) UNSIGNED NOT NULL AUTO_INCREMENT, AUTO_INCREMENT=52;

--
-- AUTO_INCREMENT for table `users`
--
ALTER TABLE `users`
  MODIFY `id` int(10) UNSIGNED NOT NULL AUTO_INCREMENT, AUTO_INCREMENT=4;

--
-- Constraints for dumped tables
--

--
-- Constraints for table `todos`
--
ALTER TABLE `todos`
  ADD CONSTRAINT `todos_user_id_foreign` FOREIGN KEY (`user_id`) REFERENCES `users` (`id`);
COMMIT;

/*!40101 SET CHARACTER_SET_CLIENT=@OLD_CHARACTER_SET_CLIENT */;
/*!40101 SET CHARACTER_SET_RESULTS=@OLD_CHARACTER_SET_RESULTS */;
/*!40101 SET COLLATION_CONNECTION=@OLD_COLLATION_CONNECTION */;
